Id,GP,G,A,P_M,PIM,EVG,EVP,PPG,PPP,SHG,SHP,OTG,GWG,S,TOI_GP,DOB,First_Season,Ht,Wt,DZ_FOL,DZ_FOW,EV_FOL,EV_FOW,FOL,FOW,NZ_FOL,NZ_FOW,OZ_FO,OZ_FOL,OZ_FOW,PP_FOL,PP_FOW,SH_FOL,SH_FOW,G_Msct,Major,Match,Minor,Msct,Net_Pen,Net_Pen_60,PIMGP,PIMTOIPct,Pen_Drawn,Pen_Drawn_60,Pen_Taken,Pen_Taken_60,Salary
0,59,9,13,16,36,9,22,0,0,0,0,0,1,67,11.3333333333333,1991-02-07,20122013,74,203,3,2,7,10,8,11,4,4,6,1,5,1,0,0,1,0,0,0,13,1,-4,-0.36,0:36,5.4,10,0.9,14,1.26,41093.0
1,70,8,26,22,38,7,27,1,7,0,0,0,0,131,18.9,1989-01-29,20102011,72,203,0,0,0,0,0,0,0,0,0,0,0,0,0,0,0,0,0,0,19,0,-11,-0.5,0:32,2.9,8,0.36,19,0.86,208333.33333333334
2,39,8,15,7,4,7,22,0,0,1,1,0,1,98,15.5833333333333,1994-10-10,20192020,75,195,1,0,1,1,1,3,0,2,1,0,1,0,0,0,2,0,0,0,2,0,3,0.30000000000000004,0:06,0.7,5,0.49,2,0.2,91666.66666666667
3,57,2,6,9,14,1,7,0,0,1,1,0,0,63,18.0,1986-06-08,20062007,72,195,0,0,0,0,0,0,0,0,0,0,0,0,0,0,0,0,0,0,7,0,-1,-0.06,0:14,1.4,6,0.35,7,0.41,125000.0
4,69,23,55,5,30,18,49,5,29,0,0,1,3,152,18.7666666666667,1993-06-04,20122013,73,202,2,0,33,21,37,24,16,12,31,19,12,4,3,0,0,0,0,0,15,0,6,0.28,0:26,2.3,21,0.97,15,0.69,441666.6666666667
5,42,6,4,-4,6,6,9,0,0,0,1,0,0,60,12.9,1995-03-31,20182019,70,185,1,0,8,4,10,4,4,2,7,5,2,0,0,2,0,0,0,0,3,0,6,0.66,0:08,1.1,9,1.0,3,0.33,66666.66666666667
6,70,8,18,-8,97,8,23,0,2,0,1,0,2,102,15.9166666666667,1993-02-26,20142015,74,203,217,180,265,279,406,393,103,121,178,86,92,21,18,120,96,0,5,0,21,3,-3,-0.16,1:23,8.7,26,1.4,29,1.56,70833.33333333333
7,56,4,7,14,37,4,11,0,0,0,0,0,1,65,17.3166666666667,1996-12-22,20172018,72,205,0,0,0,0,0,0,0,0,0,0,0,0,0,0,0,0,1,0,11,1,-4,-0.25,0:39,3.8,9,0.56,13,0.8,72843.75
8,48,4,3,-6,17,4,7,0,0,0,0,0,0,49,12.1,1992-02-25,20132014,73,194,3,0,1,1,6,1,2,1,1,1,0,0,0,5,0,0,1,0,6,0,-4,-0.41,0:21,2.9,3,0.31,7,0.72,58333.333333333336
9,45,0,5,-11,12,0,5,0,0,0,0,0,0,58,11.3666666666667,1993-01-04,20182019,73,203,1,0,2,1,2,2,0,2,1,1,0,0,0,0,1,0,0,0,6,0,-4,-0.47,0:16,2.4,2,0.23,6,0.7,58333.333333333336
10,31,2,0,4,12,2,2,0,0,0,0,0,0,20,14.4166666666667,1995-04-28,20182019,71,195,0,0,0,0,0,0,0,0,0,0,0,0,0,0,0,0,0,0,6,0,2,0.27,0:23,2.7,8,1.07,6,0.81,83333.33333333333
11,50,4,12,17,30,4,16,0,0,0,0,0,0,78,17.1,1997-01-25,20182019,77,210,0,0,0,0,0,0,0,0,0,0,0,0,0,0,0,0,0,0,14,0,-8,-0.56,0:36,3.5,6,0.42,14,0.98,108333.33333333333
12,8,0,0,-1,2,0,0,0,0,0,0,0,0,4,6.71666666666667,1990-02-01,20132014,73,195,0,0,1,0,1,0,1,0,0,0,0,0,0,0,0,0,0,0,1,0,-1,-1.12,0:15,3.7,0,0.0,1,1.12,58333.333333333336
13,5,0,1,3,0,0,1,0,0,0,0,0,0,10,14.3666666666667,1996-04-27,20192020,76,185,0,0,0,0,0,0,0,0,0,0,0,0,0,0,0,0,0,0,0,0,2,1.67,0:00,0.0,2,1.67,0,0.0,65625.0
14,32,3,1,1,8,2,3,1,1,0,0,0,1,40,18.15,1985-04-20,20052006,75,220,0,0,0,0,0,0,0,0,0,0,0,0,0,0,0,0,0,0,4,0,-3,-0.31,0:15,1.4,1,0.1,4,0.41,416666.6666666667
15,29,2,5,-2,5,2,7,0,0,0,0,0,0,29,10.6166666666667,1997-05-23,20192020,73,182,3,0,5,0,5,0,1,0,1,1,0,0,0,0,0,0,1,0,0,0,4,0.78,0:10,1.6,5,0.97,1,0.19,58333.333333333336
16,63,8,12,11,12,8,20,0,0,0,0,0,1,76,12.05,1991-11-01,20132014,74,200,0,0,11,5,13,5,4,5,9,9,0,0,0,2,0,0,0,0,6,0,5,0.4,0:11,1.6,11,0.87,6,0.47,108333.33333333333
17,23,3,7,-12,13,2,4,1,6,0,0,0,0,32,15.5666666666667,1998-04-27,20182019,73,204,0,0,3,4,3,4,1,2,4,2,2,0,0,0,0,0,1,0,4,0,0,0.0,0:33,3.6,5,0.84,5,0.84,58333.333333333336
18,68,13,17,9,34,10,27,0,0,3,3,0,1,129,13.7166666666667,1996-04-01,20172018,74,198,2,5,20,18,20,18,2,2,27,16,11,0,0,0,0,0,0,0,17,0,-6,-0.39,0:30,3.7,11,0.71,17,1.09,179166.66666666666
19,69,35,58,13,12,23,62,12,31,0,0,2,4,318,21.2166666666667,1995-09-01,20132014,72,200,149,111,434,339,478,362,193,141,246,136,110,40,22,4,1,0,0,0,5,0,18,0.74,0:10,0.8,23,0.94,5,0.2,512500.0
20,45,6,10,0,6,5,14,1,2,0,0,0,2,60,12.6833333333333,1998-07-20,20182019,71,187,1,0,2,0,2,0,1,0,0,0,0,0,0,0,0,0,0,0,3,0,5,0.53,0:08,1.1,8,0.84,3,0.32,66666.66666666667
21,64,10,18,8,16,7,22,3,5,0,1,1,1,162,23.0,1993-05-12,20152016,78,230,0,0,0,0,0,0,0,0,0,0,0,0,0,0,0,0,0,0,8,0,0,0.0,0:15,1.1,8,0.33,8,0.33,279166.6666666667
22,68,21,23,-3,93,15,35,5,7,1,2,1,5,154,18.2666666666667,1994-03-29,20132014,76,220,14,6,23,11,39,18,9,5,23,16,7,7,2,9,5,0,5,0,29,1,-5,-0.24,1:22,7.5,30,1.45,35,1.69,508333.3333333333
23,55,25,49,7,58,18,50,7,24,0,0,0,5,171,19.5166666666667,1986-07-31,20062007,75,195,97,95,396,393,435,441,156,146,382,182,200,39,48,0,0,0,0,0,29,0,-7,-0.39,1:03,5.4,22,1.23,29,1.62,791666.6666666666
24,66,19,21,5,8,15,31,4,9,0,0,0,2,151,14.9,1989-05-04,20092010,75,217,3,2,15,7,15,8,2,3,13,10,3,0,1,0,0,0,0,0,4,0,3,0.18,0:07,0.8,7,0.43,4,0.24,583333.3333333334
25,66,20,7,2,21,19,26,0,0,1,1,0,5,108,15.9666666666667,1991-12-01,20152016,70,209,256,253,286,292,413,381,99,82,104,58,46,4,1,123,88,0,1,0,8,0,9,0.51,0:19,2.0,18,1.02,9,0.51,125000.0
26,14,1,4,-3,7,1,5,0,0,0,0,0,0,15,9.8,1992-04-20,20142015,73,217,0,1,0,2,0,2,0,0,1,0,1,0,0,0,0,0,1,0,1,0,0,0.0,0:30,5.1,2,0.88,2,0.88,250000.0
27,43,16,22,-7,34,10,29,6,9,0,0,0,3,137,18.9,1994-09-16,20152016,77,234,1,1,16,16,22,16,5,2,29,16,13,6,0,0,0,0,0,0,17,0,-3,-0.22,0:47,4.2,14,1.03,17,1.26,78448.5
28,3,0,0,-4,0,0,0,0,0,0,0,0,0,0,12.9666666666667,2001-04-06,20192020,72,202,0,0,0,0,0,0,0,0,0,0,0,0,0,0,0,0,0,0,0,0,0,0.0,0:00,0.0,0,0.0,0,0.0,77083.33333333333
29,3,0,0,-2,2,0,0,0,0,0,0,0,0,3,12.7666666666667,1998-07-17,20192020,74,180,0,0,0,0,0,0,0,0,0,0,0,0,0,0,0,0,0,0,1,0,-1,-1.57,0:40,5.2,0,0.0,1,1.57,58333.333333333336
30,70,28,59,25,82,22,56,5,28,1,3,0,5,185,19.45,1988-05-11,20092010,69,181,5,5,22,20,29,22,6,6,29,18,11,5,2,2,0,0,2,0,30,1,12,0.53,1:10,6.0,45,1.98,33,1.45,416666.6666666667
31,70,22,26,-16,25,14,32,8,16,0,0,1,5,166,18.1,1994-10-12,20132014,74,200,109,115,420,459,495,549,146,173,501,240,261,73,88,2,2,0,1,0,10,0,1,0.05,0:21,2.0,12,0.5700000000000001,11,0.52,500000.0
32,69,27,45,11,47,18,45,9,25,0,2,1,3,165,20.1,1993-03-14,20122013,73,218,77,96,265,376,293,425,85,115,345,131,214,9,31,19,18,1,1,0,16,0,-4,-0.17,0:40,3.4,14,0.61,18,0.78,375000.0
33,29,1,2,-4,6,1,2,0,0,0,1,0,0,36,10.8333333333333,1997-12-03,20192020,71,189,37,25,53,32,65,49,13,15,24,15,9,0,1,12,16,0,0,0,3,0,0,0.0,0:12,1.9,3,0.5700000000000001,3,0.5700000000000001,77083.33333333333
34,27,1,6,0,22,1,6,0,0,0,1,0,0,29,16.6333333333333,1990-07-15,20082009,74,200,0,0,0,0,0,0,0,0,0,0,0,0,0,0,0,0,0,0,6,1,-5,-0.67,0:48,4.9,2,0.27,7,0.94,83333.33333333333
35,61,13,30,14,23,10,29,3,14,0,0,1,3,83,17.1666666666667,1986-04-28,20062007,72,188,107,91,342,330,366,371,113,122,304,146,158,20,38,4,3,0,1,0,8,0,-1,-0.06,0:22,2.2,8,0.46,9,0.52,583333.3333333334
36,61,7,16,-12,39,6,19,1,4,0,0,0,0,83,15.7,1997-01-30,20162017,73,197,92,73,263,241,305,275,87,82,246,126,120,39,31,3,3,0,1,0,15,0,-4,-0.25,0:38,4.1,12,0.75,16,1.0,333333.3333333333
37,69,5,40,0,20,3,24,2,21,0,0,0,0,129,19.7,1986-09-09,20062007,73,192,0,0,1,0,1,0,0,0,1,1,0,0,0,0,0,0,0,0,10,0,-5,-0.22,0:17,1.5,5,0.22,10,0.44,479166.6666666667
38,65,15,21,8,33,12,28,3,8,0,0,0,2,185,24.0,1985-08-14,20052006,76,229,0,0,0,0,0,0,0,0,0,0,0,0,0,0,0,0,1,0,14,0,-4,-0.15,0:30,2.1,11,0.42,15,0.58,500000.0
39,64,16,20,-6,20,11,27,5,9,0,0,0,3,88,14.1666666666667,1999-01-15,20172018,74,189,9,2,30,12,35,13,12,5,20,14,6,4,1,1,0,0,0,0,10,0,9,0.6000000000000001,0:18,2.2,19,1.26,10,0.66,69375.0
40,13,0,3,-2,6,0,2,0,0,0,1,0,0,5,10.5166666666667,1996-04-02,20172018,75,222,0,0,0,0,0,0,0,0,0,0,0,0,0,0,0,0,0,0,2,0,-2,-0.88,0:27,4.4,0,0.0,2,0.88,62500.0
41,66,21,11,0,56,17,25,1,3,3,4,0,2,200,16.7166666666667,1991-11-28,20162017,71,207,59,22,52,28,102,47,18,11,39,25,14,3,2,47,17,0,0,0,23,1,-4,-0.22,0:50,5.1,20,1.09,24,1.31,150000.0
42,68,38,28,10,26,26,44,8,17,4,5,0,5,206,19.4166666666667,1997-07-26,20162017,72,176,112,97,407,346,480,409,158,115,407,210,197,61,53,12,10,0,0,0,13,0,2,0.09,0:22,2.0,15,0.68,13,0.59,58333.333333333336
43,26,1,3,-8,17,1,4,0,0,0,0,0,0,63,16.0666666666667,1994-05-07,20142015,75,226,4,3,10,5,12,7,2,1,9,6,3,1,0,1,2,0,1,0,6,0,0,0.0,0:39,4.1,7,1.01,7,1.01,333333.3333333333
44,56,5,2,-12,14,5,7,0,0,0,0,0,0,38,11.1,1994-09-13,20162017,76,212,108,80,188,160,235,190,68,64,105,59,46,3,2,44,28,0,0,0,7,0,-4,-0.39,0:15,2.3,3,0.29,7,0.68,58333.333333333336
45,66,17,18,-1,22,16,30,1,5,0,0,0,1,169,18.4,1984-11-04,20032004,72,210,5,6,7,6,9,7,2,0,3,2,1,0,0,2,1,0,0,0,11,0,4,0.2,0:20,1.8,15,0.74,11,0.54,333333.3333333333
46,52,2,9,5,16,2,11,0,0,0,0,0,0,46,17.65,1987-01-13,20072008,76,209,0,0,0,0,0,0,0,0,0,0,0,0,0,0,0,0,0,0,8,0,-3,-0.2,0:18,1.7000000000000002,5,0.33,8,0.52,350000.0
47,55,4,6,-12,6,3,8,0,0,1,2,0,0,77,11.0833333333333,1993-01-10,20142015,71,189,21,3,39,9,42,11,12,4,13,9,4,0,0,3,2,0,0,0,3,0,8,0.79,0:06,1.0,11,1.08,3,0.30000000000000004,58333.333333333336
48,71,13,34,18,32,12,43,1,4,0,0,0,1,131,18.85,1993-02-24,20142015,73,200,258,267,457,572,608,728,192,251,368,158,210,27,53,124,103,0,0,0,16,0,0,0.0,0:27,2.4,16,0.72,16,0.72,270833.3333333333
49,35,2,4,-6,33,2,6,0,0,0,0,0,0,29,7.01666666666667,1992-07-30,20192020,75,208,0,0,1,0,1,0,1,0,0,0,0,0,0,0,0,0,1,0,9,1,-4,-0.98,0:56,13.4,7,1.71,11,2.69,58333.333333333336
50,20,0,1,-5,4,0,1,0,0,0,0,0,0,22,17.8166666666667,1992-03-04,20152016,76,219,0,0,0,0,0,0,0,0,0,0,0,0,0,0,0,0,0,0,2,0,-2,-0.34,0:12,1.1,0,0.0,2,0.34,83333.33333333333
51,68,30,16,2,16,26,38,4,8,0,0,0,3,157,14.3666666666667,1995-08-21,20192020,74,179,2,1,12,5,13,6,5,1,10,6,4,1,1,0,0,0,0,0,8,0,0,0.0,0:14,1.6,8,0.49,8,0.49,283333.3333333333
52,38,1,10,0,32,0,7,1,4,0,0,0,0,54,16.0833333333333,1998-12-05,20192020,78,230,0,0,0,0,0,0,0,0,0,0,0,0,0,0,0,0,0,0,11,1,-5,-0.49,0:50,5.2,7,0.69,12,1.18,69375.0
53,6,1,1,1,2,1,2,0,0,0,0,0,0,8,11.6333333333333,1992-04-24,20142015,71,177,0,0,0,0,0,0,0,0,0,0,0,0,0,0,0,0,0,0,1,0,-1,-0.86,0:20,2.9,0,0.0,1,0.86,58333.333333333336
54,70,18,31,-2,49,17,39,1,10,0,0,2,4,158,17.9333333333333,1998-06-24,20172018,74,205,104,80,431,339,446,359,160,124,337,182,155,14,16,1,4,0,1,0,22,0,4,0.19,0:42,3.9,27,1.29,23,1.1,252691.25
55,58,16,24,1,12,12,29,4,11,0,0,0,1,136,17.8166666666667,1990-05-15,20102011,71,187,1,1,6,3,6,3,4,1,2,1,1,0,0,0,0,0,0,0,6,0,6,0.35,0:12,1.2,12,0.7,6,0.35,395833.3333333333
56,69,3,12,-6,28,2,12,0,0,1,3,0,0,80,14.0666666666667,1991-01-18,20152016,72,200,175,134,257,221,347,263,92,83,126,80,46,5,2,85,40,0,0,0,9,1,2,0.12,0:24,2.9,12,0.74,10,0.62,83333.33333333333
57,16,0,1,3,4,0,1,0,0,0,0,0,0,9,14.3166666666667,1996-11-28,20172018,74,211,0,0,0,0,0,0,0,0,0,0,0,0,0,0,0,0,0,0,1,0,-1,-0.26,0:15,1.8,0,0.0,1,0.26,58333.333333333336
58,68,26,23,19,20,18,36,8,13,0,0,0,7,130,17.9333333333333,1989-09-14,20122013,73,199,5,4,9,3,14,5,6,1,3,3,0,0,0,5,2,0,0,0,10,0,1,0.05,0:17,1.6,11,0.54,10,0.49,370833.3333333333
59,70,29,25,-8,22,21,35,8,19,0,0,1,7,169,19.7166666666667,1994-12-02,20132014,73,195,179,177,295,293,406,395,103,98,244,124,120,39,45,72,57,0,0,0,11,0,2,0.09,0:18,1.6,13,0.5700000000000001,11,0.48,320833.3333333333
60,36,7,8,1,19,5,12,2,3,0,0,0,1,48,11.2833333333333,1996-05-10,20182019,71,187,0,0,1,1,2,1,0,0,3,2,1,0,0,1,0,0,1,0,7,0,3,0.44,0:31,4.7,11,1.62,8,1.18,77083.33333333333
61,69,21,32,7,28,13,31,7,20,1,2,0,6,197,18.9833333333333,1988-01-12,20072008,71,185,176,338,337,485,460,663,96,112,401,188,213,71,100,52,78,0,0,0,14,0,3,0.14,0:24,2.1,17,0.78,14,0.64,600000.0
62,58,6,26,-10,22,4,15,2,17,0,0,0,0,120,22.1666666666667,1992-08-14,20142015,75,190,0,0,0,0,0,0,0,0,0,0,0,0,0,0,0,0,0,0,11,0,-2,-0.09,0:22,1.7000000000000002,9,0.42,11,0.51,500000.0
63,68,28,35,8,22,20,47,8,16,0,0,0,1,226,19.4166666666667,1998-04-19,20162017,77,210,1,1,15,10,17,10,7,4,14,9,5,2,0,0,0,0,0,0,11,0,1,0.05,0:19,1.7000000000000002,12,0.55,11,0.5,565731.25
64,14,0,1,-3,2,0,1,0,0,0,0,0,0,14,8.53333333333333,1991-05-17,20142015,73,203,2,3,4,4,4,4,1,1,1,1,0,0,0,0,0,0,0,0,1,0,-1,-0.5,0:08,1.7000000000000002,0,0.0,1,0.5,62500.0
65,70,5,10,-10,10,4,14,0,0,1,1,0,1,74,20.3,1987-03-30,20062007,73,205,0,0,0,0,0,0,0,0,0,0,0,0,0,0,0,0,0,0,4,0,-1,-0.04,0:08,0.7,3,0.13,4,0.17,604166.6666666666
66,43,4,5,-1,10,4,8,0,1,0,0,0,1,38,14.1333333333333,1997-06-06,20182019,73,194,0,0,0,0,0,0,0,0,0,0,0,0,0,0,0,0,0,0,5,0,2,0.2,0:13,1.7000000000000002,7,0.69,5,0.49,66666.66666666667
67,45,6,4,-8,14,5,9,1,1,0,0,0,1,75,11.2833333333333,1993-07-28,20152016,71,184,66,55,120,104,137,120,30,28,78,41,37,1,4,16,12,0,0,0,7,0,5,0.59,0:18,2.8,12,1.42,7,0.83,58333.333333333336
68,50,7,5,10,12,7,12,0,0,0,0,0,3,69,10.95,1995-06-14,20172018,74,200,1,0,7,4,7,4,2,1,7,4,3,0,0,0,0,0,0,0,6,0,1,0.11,0:14,2.2,7,0.77,6,0.66,81250.0
69,66,11,44,27,31,7,33,4,22,0,0,0,3,155,24.0666666666667,1990-12-18,20092010,78,241,0,0,0,0,0,0,0,0,0,0,0,0,0,0,0,0,1,0,13,0,-5,-0.19,0:28,2.0,9,0.34,14,0.53,666666.6666666666
70,4,0,1,0,0,0,1,0,0,0,0,0,0,3,8.08333333333333,1995-06-18,20192020,76,209,0,1,0,1,0,1,0,0,0,0,0,0,0,0,0,0,0,0,0,0,1,1.86,0:00,0.0,1,1.86,0,0.0,66666.66666666667
71,51,3,13,-4,23,3,12,0,4,0,0,0,0,75,21.5,1987-07-26,20092010,73,209,0,0,0,0,0,0,0,0,0,0,0,0,0,0,0,0,1,0,9,0,-1,-0.05,0:27,2.1,9,0.49,10,0.55,333333.3333333333
72,64,26,21,-12,122,10,27,14,18,2,2,0,6,216,19.5333333333333,1991-08-02,20092010,74,210,16,21,56,62,95,106,18,29,117,61,56,35,36,4,8,1,4,0,30,3,-20,-0.96,1:54,9.8,18,0.86,38,1.82,500000.0
73,64,5,6,-7,38,4,10,1,1,0,0,0,0,92,19.0333333333333,1998-06-20,20182019,72,189,0,0,0,0,0,0,0,0,0,0,0,0,0,0,0,0,0,0,19,0,-3,-0.15,0:35,3.1,16,0.79,19,0.94,77083.33333333333
74,65,9,22,-38,46,8,21,1,10,0,0,0,0,125,23.9,1997-11-02,20182019,72,183,0,0,0,0,0,0,0,0,0,0,0,0,0,0,0,0,2,0,13,1,-2,-0.08,0:42,3.0,14,0.54,16,0.62,58333.333333333336
75,10,1,3,7,4,1,4,0,0,0,0,0,0,17,19.2166666666667,1994-01-05,20172018,72,196,0,0,0,0,0,0,0,0,0,0,0,0,0,0,0,0,0,0,2,0,-2,-0.62,0:24,2.1,0,0.0,2,0.62,58333.333333333336
76,70,47,33,19,8,35,55,12,25,0,0,0,5,290,20.9666666666667,1997-09-17,20162017,75,220,107,99,395,484,414,506,155,183,376,152,224,18,20,1,2,0,0,0,4,0,10,0.41,0:06,0.6000000000000001,14,0.5700000000000001,4,0.16,1325833.3333333333
77,70,16,36,11,20,10,29,6,22,0,1,0,3,225,24.1833333333333,1990-01-18,20082009,75,210,0,0,0,0,0,0,0,0,0,0,0,0,0,0,0,0,0,0,10,0,0,0.0,0:17,1.2,10,0.35,10,0.35,416666.6666666667
78,61,7,5,-4,10,7,12,0,0,0,0,0,0,42,9.38333333333333,1995-04-26,20152016,77,239,110,130,110,152,172,208,38,57,45,24,21,0,1,62,55,0,0,0,5,0,3,0.31,0:09,1.8,8,0.84,5,0.52,58333.333333333336
79,47,5,18,-12,22,4,12,1,10,0,1,0,0,95,21.75,1991-06-03,20122013,70,185,0,0,0,0,0,0,0,0,0,0,0,0,0,0,0,0,0,0,10,0,-3,-0.18,0:28,2.2,7,0.41,10,0.59,37355.5
80,67,4,15,16,33,4,19,0,0,0,0,0,0,111,20.4833333333333,1996-11-26,20162017,77,227,0,0,0,0,0,0,0,0,0,0,0,0,0,0,0,0,1,0,9,1,-1,-0.04,0:29,2.4,10,0.44,11,0.48,291666.6666666667
81,64,15,19,4,14,11,23,2,9,2,2,0,1,136,15.9333333333333,1991-09-25,20132014,71,186,8,5,27,25,37,33,8,10,39,21,18,3,2,7,6,0,0,0,7,0,6,0.35,0:13,1.4,13,0.76,7,0.41,183333.33333333334
82,20,0,3,-2,6,0,3,0,0,0,0,0,0,14,12.15,1990-04-23,20122013,74,205,0,0,0,0,0,0,0,0,0,0,0,0,0,0,0,0,0,0,3,0,1,0.25,0:18,2.5,4,0.99,3,0.74,58333.333333333336
83,42,2,4,12,21,2,6,0,0,0,0,0,1,36,13.1166666666667,1989-03-18,20112012,76,216,0,0,0,0,0,0,0,0,0,0,0,0,0,0,0,0,1,0,7,0,-1,-0.11,0:30,3.8,7,0.76,8,0.87,114583.33333333333
84,7,0,3,1,0,0,3,0,0,0,0,0,0,2,7.85,1996-05-06,20192020,70,185,1,0,5,4,5,5,2,2,5,2,3,0,1,0,0,0,0,0,0,0,1,1.09,0:00,0.0,1,1.09,0,0.0,58333.333333333336
85,56,0,7,-1,12,0,7,0,0,0,0,0,0,101,17.1333333333333,1994-01-06,20142015,73,192,0,0,0,0,0,0,0,0,0,0,0,0,0,0,0,0,0,0,6,0,-2,-0.13,0:12,1.3,4,0.25,6,0.38,116666.66666666667
86,69,4,11,-6,32,3,13,1,2,0,0,0,0,78,17.2166666666667,1999-06-17,20182019,72,199,0,0,0,0,0,0,0,0,0,0,0,0,0,0,0,0,0,0,16,0,-14,-0.71,0:27,2.7,2,0.1,16,0.81,77083.33333333333
87,68,16,30,2,24,12,37,4,9,0,0,0,1,148,16.9333333333333,1995-04-17,20162017,75,197,1,1,18,4,19,4,6,1,14,12,2,1,0,0,0,0,0,0,12,0,6,0.31,0:21,2.1,18,0.94,12,0.63,291666.6666666667
88,71,9,14,15,27,5,13,4,10,0,0,0,1,138,16.2666666666667,1996-10-29,20172018,72,203,0,0,0,0,0,0,0,0,0,0,0,0,0,0,0,0,1,0,11,0,0,0.0,0:22,2.3,12,0.62,12,0.62,156250.0
89,58,21,12,2,16,18,30,1,1,2,2,0,5,140,16.75,1992-10-27,20112012,73,206,7,4,28,18,35,23,9,7,31,19,12,4,5,3,0,0,0,0,8,0,3,0.19,0:16,1.7000000000000002,11,0.68,8,0.49,541666.6666666666
90,2,0,0,-1,0,0,0,0,0,0,0,0,0,1,6.43333333333333,1998-02-11,20182019,74,203,0,0,0,0,0,0,0,0,0,0,0,0,0,0,0,0,0,0,0,0,0,0.0,0:00,0.0,0,0.0,0,0.0,77083.33333333333
91,68,7,11,-21,79,5,12,2,6,0,0,0,3,151,22.1166666666667,1989-05-13,20092010,72,210,0,0,0,0,0,0,0,0,0,0,0,0,0,0,0,0,1,0,27,2,-17,-0.68,1:09,5.3,13,0.52,30,1.2,666666.6666666666
92,33,1,6,6,14,1,7,0,0,0,0,0,0,43,15.55,1990-07-29,20172018,75,204,0,0,0,0,0,0,0,0,0,0,0,0,0,0,0,0,0,0,7,0,-5,-0.58,0:25,2.7,2,0.23,7,0.82,75000.0
93,11,0,1,-5,2,0,1,0,0,0,0,0,0,2,10.3,1999-04-30,20192020,72,198,0,0,0,0,0,0,0,0,0,0,0,0,0,0,0,0,0,0,1,0,-1,-0.53,0:10,1.8,0,0.0,1,0.53,69375.0
94,48,2,7,-13,14,2,9,0,0,0,0,0,0,40,17.1833333333333,1992-09-20,20182019,71,200,0,0,0,0,0,0,0,0,0,0,0,0,0,0,0,0,0,0,7,0,-2,-0.15,0:17,1.7000000000000002,5,0.36,7,0.51,204166.66666666666
95,69,12,44,14,31,8,39,4,17,0,0,1,3,132,17.05,1989-08-15,20082009,74,214,2,0,13,5,13,7,5,1,12,6,6,0,2,0,0,0,1,0,13,0,4,0.2,0:26,2.6,18,0.92,14,0.71,520833.3333333333
96,68,8,12,-6,54,3,12,5,8,0,0,0,1,83,13.3333333333333,1988-06-07,20072008,75,231,2,5,24,20,26,20,9,3,27,15,12,2,0,0,0,0,4,0,12,1,-2,-0.13,0:47,6.0,15,0.99,17,1.13,270833.3333333333
97,68,0,8,1,13,0,7,0,1,0,0,0,0,61,17.8166666666667,1990-09-21,20162017,73,205,0,0,0,0,0,0,0,0,0,0,0,0,0,0,0,0,1,0,4,0,4,0.2,0:11,1.1,9,0.45,5,0.25,166666.66666666666
98,49,8,30,16,19,6,29,2,9,0,0,2,3,114,23.5,1991-01-03,20112012,70,180,0,0,0,0,0,0,0,0,0,0,0,0,0,0,0,0,1,0,7,0,4,0.21,0:23,1.7000000000000002,12,0.63,8,0.42,441666.6666666667
99,52,8,4,-1,36,8,11,0,1,0,0,0,0,82,12.5166666666667,1996-06-20,20142015,73,195,21,22,74,81,83,89,27,30,72,35,37,9,8,0,0,0,0,0,18,0,-9,-0.83,0:41,5.5,9,0.83,18,1.66,47629.833333333336
100,68,11,12,-19,57,11,23,0,0,0,0,0,1,141,13.2333333333333,1995-09-13,20152016,74,195,0,0,0,0,1,0,1,0,0,0,0,1,0,0,0,0,1,0,24,0,5,0.33,0:50,6.3,30,2.0,25,1.67,208333.33333333334
101,69,23,18,-6,34,15,30,4,7,4,4,2,5,175,17.7333333333333,1992-05-08,20142015,77,216,137,142,334,350,411,415,134,137,276,140,136,34,39,43,26,0,0,0,17,0,-7,-0.34,0:29,2.8,10,0.49,17,0.83,625000.0
102,21,1,2,-8,38,1,3,0,0,0,0,0,0,12,15.7,1996-10-30,20182019,74,216,0,0,0,0,0,0,0,0,0,0,0,0,0,0,0,0,4,0,4,1,-1,-0.18,1:48,11.5,8,1.46,9,1.64,77083.33333333333
103,28,1,7,-7,10,1,6,0,2,0,0,0,1,22,14.3166666666667,2000-03-07,20192020,71,183,0,0,0,0,0,0,0,0,0,0,0,0,0,0,0,0,0,0,5,0,-1,-0.15,0:21,2.5,4,0.6000000000000001,5,0.75,77083.33333333333
104,45,7,11,6,33,7,18,0,0,0,0,0,1,77,20.1166666666667,1994-01-07,20162017,72,200,0,0,0,0,0,0,0,0,0,0,0,0,0,0,0,0,3,0,9,0,-3,-0.2,0:44,3.7,9,0.6000000000000001,12,0.8,166666.66666666666
105,45,2,11,-2,22,2,11,0,0,0,2,0,1,44,11.2666666666667,1992-07-25,20142015,72,196,19,9,53,57,62,66,14,30,56,29,27,0,0,9,9,0,0,0,11,0,-6,-0.71,0:29,4.3,5,0.59,11,1.3,179166.66666666666
106,56,6,34,-15,16,4,26,1,13,1,1,0,0,120,24.5166666666667,1990-05-31,20092010,72,190,0,0,0,0,0,0,0,0,0,0,0,0,0,0,0,0,0,0,8,0,2,0.09,0:17,1.2,10,0.44,8,0.35,1000000.0
107,70,17,26,1,14,11,34,6,9,0,0,2,3,142,18.9333333333333,1993-12-21,20172018,72,188,3,4,10,10,12,11,3,1,12,6,6,0,0,2,1,0,0,0,7,0,2,0.09,0:12,1.1,9,0.41,7,0.32,204166.66666666666
108,31,4,5,-5,2,3,7,1,2,0,0,0,1,34,12.7666666666667,1998-11-22,20172018,73,196,20,23,88,78,99,86,33,30,79,46,33,11,8,0,0,0,0,0,1,0,3,0.46,0:03,0.5,4,0.61,1,0.15,72843.75
109,59,3,13,9,20,3,16,0,0,0,0,0,1,99,21.05,1988-03-21,20072008,76,225,0,0,0,0,0,0,0,0,0,0,0,0,0,0,0,0,0,0,10,0,-8,-0.39,0:20,1.6,2,0.1,10,0.48,500000.0
110,71,12,17,4,12,11,27,1,2,0,0,0,0,117,14.9,1997-01-29,20162017,73,187,12,13,73,64,78,70,28,28,67,38,29,5,6,0,0,0,0,0,6,0,3,0.17,0:10,1.1,9,0.51,6,0.34,108333.33333333333
111,8,2,1,1,0,1,2,1,1,0,0,0,0,9,10.1833333333333,1992-12-12,20162017,69,175,1,0,2,2,4,2,0,0,5,3,2,2,0,0,0,0,0,0,0,0,1,0.74,0:00,0.0,1,0.74,0,0.0,58333.333333333336
112,71,38,35,4,34,28,54,9,17,1,2,1,7,239,21.0833333333333,1996-12-09,20162017,73,182,3,1,10,1,11,2,2,1,6,6,0,0,0,1,1,0,0,0,11,1,-1,-0.04,0:28,2.3,11,0.44,12,0.48,666666.6666666666
113,21,2,4,1,9,2,6,0,0,0,0,0,0,25,9.73333333333333,1997-01-13,20192020,74,201,1,2,1,3,1,3,0,1,0,0,0,0,0,0,0,0,1,0,2,0,0,0.0,0:25,4.4,3,0.88,3,0.88,58333.333333333336
114,59,8,4,-6,36,7,10,0,1,1,1,0,0,102,14.2666666666667,1998-02-17,20182019,73,220,2,1,16,10,16,11,1,3,20,13,7,0,0,0,1,0,0,0,18,0,-1,-0.07,0:36,4.3,17,1.21,18,1.28,69375.0
115,70,11,13,-14,36,9,19,2,4,0,1,0,1,179,18.1166666666667,1993-06-15,20132014,74,207,244,266,391,504,523,643,121,159,376,158,218,55,65,77,74,0,0,0,13,1,0,0.0,0:30,2.8,14,0.66,14,0.66,291666.6666666667
116,40,1,3,5,16,1,4,0,0,0,0,0,0,44,14.05,1985-02-27,20052006,77,224,0,0,0,0,0,0,0,0,0,0,0,0,0,0,0,0,0,0,8,0,-7,-0.75,0:24,2.9,1,0.11,8,0.85,29884.833333333332
117,53,7,11,1,58,6,17,0,0,1,1,0,0,63,17.9333333333333,1989-07-12,20112012,74,204,0,0,0,0,0,0,0,0,0,0,0,0,0,0,0,0,2,0,14,2,-11,-0.69,1:05,6.1,7,0.44,18,1.1400000000000001,166666.66666666666
118,66,3,10,-11,41,2,12,0,0,1,1,0,1,75,18.5333333333333,1993-10-12,20132014,73,204,0,0,0,0,0,0,0,0,0,0,0,0,0,0,0,0,1,0,13,1,-7,-0.34,0:37,3.4,8,0.39,15,0.74,233333.33333333334
119,59,4,36,-7,38,2,21,2,19,0,0,0,1,90,19.3,2000-04-13,20182019,75,207,0,0,0,0,0,0,0,0,0,0,0,0,0,0,0,0,0,0,19,0,-7,-0.37,0:38,3.3,12,0.63,19,1.0,77083.33333333333
120,36,7,12,0,4,7,14,0,5,0,0,0,0,69,15.0166666666667,1993-05-26,20132014,74,192,1,4,6,8,7,10,2,2,8,4,4,1,2,0,0,0,0,0,2,0,8,0.89,0:06,0.7,10,1.11,2,0.22,72916.66666666667
121,57,12,11,5,28,11,21,0,0,1,2,0,1,97,14.3833333333333,1994-03-23,20152016,75,209,46,44,118,95,132,105,54,29,64,32,32,1,3,13,7,0,0,0,14,0,2,0.15,0:29,3.4,16,1.17,14,1.02,187500.0
122,45,4,10,-2,8,4,13,0,0,0,1,0,0,65,13.6666666666667,1996-07-08,20172018,75,208,0,0,0,0,0,0,0,0,0,0,0,0,0,0,0,0,0,0,4,0,5,0.49,0:10,1.3,9,0.88,4,0.39,19612.666666666668
123,46,4,7,4,37,4,11,0,0,0,0,0,0,38,11.15,1994-03-09,20172018,74,191,48,40,139,123,144,128,57,58,69,39,30,1,3,4,2,0,1,0,10,1,-3,-0.35,0:48,7.2,9,1.05,12,1.4,58333.333333333336
124,63,26,34,-7,24,19,39,7,21,0,0,3,4,197,19.55,1990-09-20,20092010,73,215,141,145,398,486,499,617,140,190,500,218,282,97,127,4,4,0,0,0,12,0,4,0.19,0:22,2.0,16,0.78,12,0.58,1000000.0
125,60,15,19,8,46,8,24,7,10,0,0,0,3,132,16.75,1986-07-05,20062007,73,205,0,0,9,3,10,4,3,1,10,7,3,1,1,0,0,0,0,0,23,0,-10,-0.6000000000000001,0:46,4.6,13,0.78,23,1.37,333333.3333333333
126,27,7,8,-6,14,6,11,1,4,0,0,0,1,51,15.7,1995-03-28,20142015,71,201,2,0,7,4,8,4,2,2,6,4,2,1,0,0,0,0,0,0,7,0,-1,-0.14,0:31,3.3,6,0.85,7,0.99,375000.0
127,55,27,29,14,30,18,37,8,17,1,2,2,4,151,19.7666666666667,1992-05-11,20142015,71,192,4,1,5,2,8,2,2,0,3,2,1,0,0,3,0,0,0,0,10,1,0,0.0,0:32,2.8,11,0.61,11,0.61,291666.6666666667
128,65,6,17,-4,20,2,17,2,3,2,3,0,0,87,13.9666666666667,1997-12-13,20182019,67,172,102,103,277,280,310,312,101,106,210,107,103,8,12,25,20,0,0,0,10,0,9,0.6000000000000001,0:18,2.2,19,1.26,10,0.66,77083.33333333333
129,61,31,25,23,28,19,35,11,20,1,1,1,5,203,18.7333333333333,1985-07-24,20032004,73,195,149,209,357,529,552,759,144,204,605,259,346,124,160,71,70,0,0,0,13,0,-4,-0.21,0:27,2.5,9,0.47,13,0.68,364583.3333333333
130,65,25,20,-4,41,14,27,11,18,0,0,1,3,155,17.1166666666667,1991-02-01,20102011,71,185,3,5,24,10,25,12,10,3,16,12,4,1,1,0,1,0,1,0,13,1,-3,-0.16,0:37,3.7,12,0.65,15,0.81,94648.16666666667
131,52,17,15,9,36,14,25,3,7,0,0,0,2,168,15.9333333333333,1987-01-01,20082009,71,189,0,0,3,2,4,2,0,0,6,4,2,1,0,0,0,0,2,0,13,0,8,0.58,0:41,4.3,23,1.67,15,1.09,441666.6666666667
132,68,24,20,-1,20,19,34,5,10,0,0,1,4,203,16.85,1992-04-24,20122013,72,198,3,2,10,4,10,4,4,2,3,3,0,0,0,0,0,0,0,0,10,0,0,0.0,0:17,1.8,10,0.52,10,0.52,270833.3333333333
133,52,9,4,-9,8,8,12,1,1,0,0,0,1,57,9.36666666666667,1995-08-14,20192020,74,180,4,0,16,14,17,14,8,10,9,5,4,1,0,0,0,0,0,0,4,0,3,0.37,0:09,1.6,7,0.86,4,0.49,75000.0
134,57,16,29,4,14,11,31,5,14,0,0,0,3,169,18.5666666666667,1997-02-25,20162017,73,208,1,1,19,11,19,11,6,8,14,12,2,0,0,0,0,0,0,0,6,0,2,0.11,0:14,1.3,8,0.45,6,0.34,510416.6666666667
135,69,11,21,-10,29,7,18,2,10,2,4,1,2,148,16.0166666666667,1996-09-13,20162017,74,201,32,24,123,77,131,92,48,25,94,51,43,3,10,5,5,0,1,0,12,0,0,0.0,0:25,2.6,13,0.71,13,0.71,187500.0
136,51,21,16,13,23,17,30,3,6,1,1,0,1,106,19.1,1992-06-09,20152016,73,211,67,46,15,13,90,70,10,13,24,13,11,1,1,74,56,0,1,0,9,0,-2,-0.12,0:27,2.4,8,0.49,10,0.62,208333.33333333334
137,59,22,21,9,29,21,38,1,5,0,0,0,1,226,16.9166666666667,1992-05-06,20122013,69,183,5,2,17,12,17,12,7,7,8,5,3,0,0,0,0,0,1,0,12,0,-1,-0.06,0:29,2.9,12,0.72,13,0.78,229166.66666666666
138,69,21,24,-4,27,16,32,3,10,2,3,0,3,164,16.5166666666667,1992-08-10,20132014,73,201,4,2,11,1,14,3,2,0,9,8,1,1,1,2,1,0,1,0,11,0,-2,-0.11,0:23,2.4,10,0.53,12,0.63,320833.3333333333
139,67,6,4,-8,47,5,9,0,0,1,1,0,0,78,12.4333333333333,1991-05-27,20142015,72,197,84,71,102,97,134,115,35,32,27,15,12,2,0,30,18,0,3,0,16,0,-3,-0.22,0:42,5.6,16,1.15,19,1.37,127083.33333333333
140,68,8,45,-10,22,5,28,3,25,0,0,1,2,126,21.8833333333333,1999-10-14,20182019,70,180,0,0,0,0,0,0,0,0,0,0,0,0,0,0,0,0,0,0,11,0,4,0.16,0:19,1.5,15,0.6000000000000001,11,0.44,77083.33333333333
141,67,11,18,-3,42,7,18,4,11,0,0,0,2,115,14.8166666666667,1992-09-08,20102011,74,218,1,1,3,1,3,1,0,0,2,2,0,0,0,0,0,0,0,0,21,0,-4,-0.24,0:37,4.2,17,1.03,21,1.27,354166.6666666667
142,62,6,15,-5,12,4,14,1,5,1,2,0,0,86,14.6166666666667,1992-12-08,20152016,73,195,10,4,36,30,39,30,13,10,32,16,16,0,0,3,0,0,0,0,6,0,5,0.33,0:11,1.3,11,0.73,6,0.4,42026.833333333336
143,7,0,0,-1,0,0,0,0,0,0,0,0,0,2,5.88333333333333,1993-04-19,20172018,75,204,2,2,3,6,3,6,0,1,4,1,3,0,0,0,0,0,0,0,0,0,0,0.0,0:00,0.0,0,0.0,0,0.0,58333.333333333336
144,66,11,11,-5,14,10,21,1,1,0,0,1,3,117,15.5833333333333,1979-09-15,19971998,74,215,9,5,23,23,40,36,10,9,43,21,22,12,10,5,3,0,0,0,7,0,4,0.23,0:12,1.4,11,0.64,7,0.41,58333.333333333336
145,68,9,7,-6,37,8,14,0,0,1,2,0,0,102,13.7333333333333,1987-01-21,20072008,72,192,5,4,12,13,13,15,3,2,14,5,9,0,0,1,2,1,1,0,11,0,-2,-0.13,0:32,4.0,11,0.71,13,0.84,250000.0
146,43,8,13,0,14,4,16,4,5,0,0,0,1,78,15.75,1994-11-21,20172018,70,194,1,0,2,0,2,0,0,0,1,1,0,0,0,0,0,0,0,0,7,0,4,0.35,0:19,2.1,11,0.97,7,0.62,300000.0
147,71,6,33,-18,42,6,28,0,11,0,0,0,0,186,26.0,1997-01-30,20162017,74,190,0,0,0,0,0,0,0,0,0,0,0,0,0,0,0,0,0,0,21,0,-11,-0.36,0:35,2.3,10,0.32,21,0.68,583333.3333333334
148,58,14,22,-16,12,11,24,2,10,1,2,0,1,123,18.0666666666667,1999-01-04,20172018,73,175,128,163,396,411,473,507,150,155,384,195,189,64,82,13,14,0,0,0,6,0,15,0.86,0:12,1.2,21,1.2,6,0.34,583333.3333333334
149,67,5,7,11,59,5,12,0,0,0,0,0,1,125,18.95,1997-05-28,20182019,75,230,0,0,0,0,0,0,0,0,0,0,0,0,0,0,0,0,1,0,17,2,-9,-0.43,0:52,4.7,11,0.52,20,0.95,122916.66666666667
150,36,6,7,3,10,6,12,0,1,0,0,1,1,49,12.75,1999-09-13,20182019,73,186,9,6,38,23,40,23,11,9,28,20,8,1,0,1,0,0,0,0,5,0,2,0.26,0:16,2.2,7,0.92,5,0.65,77083.33333333333
151,68,18,21,-11,15,14,31,3,7,1,1,2,3,132,17.2666666666667,1997-06-08,20162017,71,182,0,2,4,6,4,9,2,1,8,2,6,0,1,0,2,0,1,0,5,0,12,0.61,0:13,1.3,18,0.92,6,0.31,200000.0
152,56,7,8,11,28,4,12,0,0,3,3,0,1,52,10.8333333333333,1990-05-27,20152016,73,192,141,128,190,194,277,274,78,85,119,58,61,1,3,86,77,0,0,0,9,1,-5,-0.49,0:30,4.6,5,0.49,10,0.99,62500.0
153,71,8,7,-5,47,8,15,0,0,0,0,0,1,61,10.15,1987-01-20,20102011,74,225,2,2,24,22,28,24,5,7,36,21,15,4,2,0,0,0,3,0,14,0,-2,-0.17,0:39,6.5,15,1.25,17,1.42,114583.33333333333
154,69,17,24,25,22,12,32,4,8,1,1,0,2,128,16.1833333333333,1991-03-28,20122013,72,194,4,1,13,6,14,7,2,1,13,8,5,0,0,1,1,0,0,0,11,0,3,0.16,0:19,2.0,14,0.75,11,0.59,287083.3333333333
155,69,9,11,4,69,8,19,1,1,0,0,0,1,114,12.25,1994-09-20,20142015,72,192,31,31,56,74,69,83,15,29,46,23,23,2,1,11,8,1,3,0,22,0,-3,-0.21,1:00,8.2,23,1.63,26,1.84,158333.33333333334
156,22,1,0,-2,0,1,1,0,0,0,0,0,1,4,6.15,2000-04-11,20192020,74,196,10,7,29,34,29,34,13,15,18,6,12,0,0,0,0,0,0,0,0,0,3,1.33,0:00,0.0,3,1.33,0,0.0,66041.66666666667
157,71,6,39,10,32,3,20,3,25,0,0,0,1,177,23.3833333333333,1995-07-29,20172018,72,186,0,0,0,0,0,0,0,0,0,0,0,0,0,0,0,0,0,0,16,0,-4,-0.14,0:27,1.9,12,0.43,16,0.58,262500.0
158,27,11,15,17,12,9,24,2,2,0,0,0,0,44,17.3833333333333,1998-09-29,20172018,68,153,0,0,0,1,0,1,0,1,0,0,0,0,0,0,0,0,0,0,5,0,2,0.26,0:26,2.6,7,0.89,5,0.64,69375.0
159,66,15,10,0,33,14,24,0,0,1,1,0,3,109,13.5833333333333,1997-06-23,20162017,76,220,9,8,21,23,23,24,8,6,16,6,10,0,0,2,1,0,3,0,9,0,7,0.47,0:30,3.7,19,1.27,12,0.8,112500.0
160,70,16,29,3,26,10,32,3,10,3,3,0,3,157,17.95,1989-03-17,20082009,72,200,146,109,340,311,410,368,132,130,261,132,129,31,25,39,32,0,0,0,13,0,-8,-0.38,0:22,2.1,5,0.24,13,0.62,362500.0
161,49,21,15,8,12,18,30,3,6,0,0,0,5,162,17.9333333333333,1995-04-10,20152016,72,177,4,2,12,6,13,6,4,0,9,5,4,0,0,1,0,0,0,0,6,0,6,0.41,0:14,1.4,12,0.82,6,0.41,208333.33333333334
162,37,4,3,-2,16,4,6,0,0,0,1,0,0,35,11.5166666666667,1997-02-09,20182019,73,190,3,1,8,4,10,4,2,1,7,5,2,0,0,2,0,0,0,0,7,0,2,0.28,0:25,3.8,9,1.27,7,0.99,58333.333333333336
163,59,6,12,-14,111,3,11,2,5,1,2,0,0,86,12.8666666666667,1996-03-15,20172018,73,213,8,4,27,16,31,18,10,3,24,13,11,3,1,1,1,0,5,0,18,5,4,0.32,1:52,14.6,32,2.5300000000000002,28,2.21,43750.0
164,70,8,34,22,32,7,29,1,13,0,0,0,4,125,18.9,1998-02-17,20192020,71,181,0,0,0,0,0,0,0,0,0,0,0,0,0,0,0,0,0,0,16,0,-6,-0.27,0:27,2.4,10,0.45,16,0.73,77083.33333333333
165,48,4,10,2,10,4,13,0,0,0,1,0,1,46,12.6,1987-01-23,20122013,72,208,29,12,38,31,52,34,10,19,16,13,3,0,0,14,3,0,0,0,4,0,2,0.2,0:12,1.7000000000000002,6,0.6000000000000001,4,0.4,166666.66666666666
166,61,6,8,-1,13,5,12,1,1,0,1,0,0,101,18.85,1987-05-15,20102011,76,214,0,0,0,0,0,0,0,0,0,0,0,0,0,0,0,0,1,0,4,0,0,0.0,0:12,1.1,5,0.26,5,0.26,166666.66666666666
167,65,6,5,-5,39,6,11,0,0,0,0,0,0,124,11.75,1997-06-23,20182019,73,185,2,0,6,3,6,3,1,1,5,3,2,0,0,0,0,0,3,0,12,0,0,0.0,0:36,5.1,15,1.18,15,1.18,75000.0
168,68,15,48,20,8,10,38,4,21,1,4,0,1,182,19.2,1994-09-11,20132014,71,191,3,3,23,24,27,26,10,4,33,14,19,3,2,1,0,0,0,0,4,0,1,0.05,0:07,0.6000000000000001,5,0.23,4,0.18,354166.6666666667
169,68,2,16,13,43,2,18,0,0,0,0,0,0,89,18.5166666666667,1992-01-30,20172018,76,210,0,0,0,0,0,0,0,0,0,0,0,0,0,0,0,0,1,0,19,0,-15,-0.72,0:37,3.4,5,0.24,20,0.95,166666.66666666666
170,50,3,9,-3,27,3,12,0,0,0,0,0,0,83,21.2,1990-08-16,20102011,74,205,0,0,0,0,0,0,0,0,0,0,0,0,0,0,0,0,1,0,11,0,-5,-0.28,0:32,2.6,7,0.4,12,0.68,104166.66666666667
171,9,1,0,-1,2,1,1,0,0,0,0,0,0,10,14.7666666666667,1997-08-13,20172018,73,196,0,0,0,0,0,0,0,0,0,0,0,0,0,0,0,0,0,0,1,0,0,0.0,0:13,1.5,1,0.45,1,0.45,58333.333333333336
172,10,3,4,0,4,2,5,1,2,0,0,0,0,19,12.85,1999-08-16,20192020,75,201,10,14,42,43,43,49,14,19,35,19,16,1,6,0,0,0,0,0,2,0,2,0.93,0:24,3.1,4,1.87,2,0.93,69375.0
173,48,2,5,-6,16,2,7,0,0,0,0,0,0,37,13.7,1997-05-19,20152016,72,183,0,0,0,0,0,0,0,0,0,0,0,0,0,0,0,0,0,0,8,0,0,0.0,0:20,2.4,8,0.73,8,0.73,65625.0
174,60,14,9,-7,10,13,20,1,3,0,0,0,2,114,14.8333333333333,1999-09-05,20172018,74,206,89,52,290,183,317,198,148,72,154,80,74,26,15,1,0,0,0,0,5,0,-2,-0.13,0:10,1.1,3,0.2,5,0.34,69375.0
175,10,0,1,1,0,0,1,0,0,0,0,0,0,13,9.35,1996-02-14,20192020,76,201,8,3,17,10,17,10,3,2,11,6,5,0,0,0,0,0,0,0,0,0,1,0.64,0:00,0.0,1,0.64,0,0.0,58333.333333333336
176,56,10,10,-10,8,5,12,5,8,0,0,1,4,97,12.2666666666667,1999-06-01,20192020,72,193,2,0,9,4,9,4,3,2,6,4,2,0,0,0,0,0,0,0,4,0,0,0.0,0:08,1.2,4,0.35,4,0.35,77083.33333333333
177,71,19,34,-21,39,14,39,5,14,0,0,0,0,223,21.25,1996-07-30,20152016,73,198,220,219,493,515,648,714,177,188,558,251,307,96,138,59,61,0,1,0,16,0,9,0.36,0:32,2.6,26,1.03,17,0.68,395833.3333333333
178,22,0,1,-4,7,0,1,0,0,0,0,0,0,18,8.63333333333333,1997-03-25,20192020,73,196,19,21,52,60,56,62,21,26,31,16,15,0,1,4,1,0,1,0,1,0,1,0.32,0:19,3.7,3,0.95,2,0.63,58333.333333333336
179,61,2,9,-15,30,2,10,0,0,0,1,0,0,63,15.8833333333333,1998-09-17,20192020,71,185,0,0,0,0,0,0,0,0,0,0,0,0,0,0,0,0,0,0,14,0,-7,-0.43,0:29,3.1,7,0.43,14,0.87,77083.33333333333
180,69,22,31,-15,21,10,37,12,16,0,0,0,2,178,19.7333333333333,1995-04-05,20142015,72,215,229,270,521,660,633,850,187,252,545,217,328,82,167,30,23,0,1,0,8,0,6,0.26,0:18,1.5,15,0.66,9,0.4,291666.6666666667
181,69,18,13,18,34,14,24,4,7,0,0,0,2,184,13.4166666666667,1989-09-05,20112012,72,206,3,2,14,13,15,14,1,2,21,11,10,1,1,0,0,0,0,0,12,1,-1,-0.06,0:29,3.7,12,0.78,13,0.84,166666.66666666666
182,60,19,14,3,16,14,17,3,14,2,2,1,5,120,14.75,1996-11-17,20182019,75,220,34,32,145,146,173,172,54,49,176,85,91,23,24,5,2,0,0,0,8,0,12,0.81,0:16,1.8,20,1.36,8,0.54,166666.66666666666
183,36,6,2,-11,23,5,6,1,2,0,0,0,0,55,13.0,2000-07-06,20182019,74,201,29,21,157,116,167,125,75,47,120,63,57,10,9,0,0,0,1,0,4,1,0,0.0,0:38,4.9,6,0.77,6,0.77,77083.33333333333
184,55,11,15,-46,30,8,19,3,7,0,0,0,2,129,15.85,1994-08-06,20152016,74,188,19,5,52,39,60,43,17,21,41,24,17,8,4,0,0,0,2,0,10,0,4,0.28,0:32,3.4,16,1.1,12,0.83,100000.0
185,4,1,1,0,2,1,2,0,0,0,0,0,0,8,11.3666666666667,1997-05-23,20172018,70,194,0,0,0,0,0,0,0,0,0,0,0,0,0,0,0,0,0,0,1,0,0,0.0,0:30,4.4,1,1.32,1,1.32,72843.75
186,51,0,4,4,18,0,4,0,0,0,0,0,0,41,14.1833333333333,1994-04-06,20182019,74,201,0,0,0,0,0,0,0,0,0,0,0,0,0,0,0,0,0,0,9,0,-5,-0.41,0:21,2.5,4,0.33,9,0.75,83333.33333333333
187,69,6,10,2,6,6,16,0,0,0,0,0,0,114,13.25,1989-04-20,20102011,72,190,55,43,70,51,83,65,14,11,25,14,11,1,1,12,13,0,0,0,3,0,3,0.2,0:05,0.7,6,0.39,3,0.2,100000.0
188,2,0,1,1,0,0,1,0,0,0,0,0,0,3,14.2166666666667,2000-02-04,20192020,74,193,0,0,0,0,0,0,0,0,0,0,0,0,0,0,0,0,0,0,0,0,0,0.0,0:00,0.0,0,0.0,0,0.0,77083.33333333333
189,55,7,16,-7,26,6,20,1,3,0,0,1,2,75,13.1,1996-05-12,20152016,72,194,0,0,0,0,0,0,0,0,0,0,0,0,0,0,0,0,0,0,13,0,3,0.25,0:28,3.6,16,1.33,13,1.08,133333.33333333334
190,65,11,15,24,16,8,21,1,2,2,3,1,5,73,14.3166666666667,1994-04-22,20152016,72,199,81,78,246,206,281,233,95,71,189,105,84,18,14,17,13,0,0,0,7,0,-2,-0.13,0:14,1.7000000000000002,5,0.32,7,0.45,135416.66666666666
191,44,2,8,1,37,2,10,0,0,0,0,0,0,49,17.9333333333333,1990-01-30,20082009,75,206,0,0,0,0,0,0,0,0,0,0,0,0,0,0,0,0,1,0,11,1,-8,-0.61,0:50,4.7,5,0.38,13,0.99,66666.66666666667
192,65,14,17,9,16,13,24,1,7,0,0,1,2,113,14.55,1990-07-29,20122013,68,185,58,51,159,144,180,173,54,50,140,68,72,17,28,4,1,0,0,0,8,0,-2,-0.13,0:14,1.7000000000000002,6,0.38,8,0.51,312500.0
193,5,1,0,1,2,1,1,0,0,0,0,0,0,4,18.1166666666667,1992-03-31,20192020,77,218,0,0,0,0,0,0,0,0,0,0,0,0,0,0,0,0,0,0,1,0,-1,-0.66,0:24,2.2,0,0.0,1,0.66,14009.666666666666
194,62,5,29,-17,24,3,16,2,18,0,0,0,0,159,25.4166666666667,1993-07-20,20132014,75,216,0,0,0,0,0,0,0,0,0,0,0,0,0,0,0,0,0,0,11,0,-4,-0.15,0:23,1.5,7,0.27,11,0.42,375000.0
195,71,17,27,-3,35,16,33,1,11,0,0,2,3,179,17.1,1995-03-02,20152016,70,192,116,104,353,320,403,385,122,139,307,165,142,48,63,2,2,0,1,0,15,0,0,0.0,0:29,2.9,16,0.79,16,0.79,383333.3333333333
196,1,1,0,0,0,1,1,0,0,0,0,0,0,2,10.0666666666667,1992-05-29,20142015,73,210,0,0,0,0,0,0,0,0,0,0,0,0,0,0,0,0,0,0,0,0,0,0.0,0:00,0.0,0,0.0,0,0.0,58333.333333333336
197,37,3,6,2,4,3,8,0,1,0,0,0,0,47,15.9166666666667,1994-06-06,20162017,73,187,0,0,0,0,0,0,0,0,0,0,0,0,0,0,0,0,0,0,2,0,-2,-0.2,0:06,0.7,0,0.0,2,0.2,208333.33333333334
198,37,3,4,6,22,2,5,0,0,1,2,0,0,35,13.4166666666667,1987-11-18,20072008,71,215,2,2,3,2,5,4,1,0,4,2,2,0,0,2,2,0,0,0,6,1,4,0.48,0:35,4.4,11,1.33,7,0.85,208333.33333333334
199,70,4,11,-1,30,4,14,0,0,0,1,0,1,67,12.7833333333333,1984-10-05,20062007,73,205,192,212,294,366,354,433,96,113,174,66,108,4,4,56,63,0,2,0,10,0,-8,-0.54,0:25,3.4,4,0.27,12,0.8,62500.0
200,13,0,4,2,8,0,4,0,0,0,0,0,0,16,12.7666666666667,1997-12-01,20182019,72,201,0,0,0,0,0,0,0,0,0,0,0,0,0,0,0,0,0,0,4,0,-1,-0.36,0:36,4.8,3,1.08,4,1.45,58333.333333333336
201,68,7,10,-4,17,5,15,0,0,2,2,0,1,93,13.2,1994-02-02,20152016,72,187,11,6,15,11,24,15,3,0,19,10,9,0,1,9,3,0,1,0,6,0,2,0.13,0:15,1.9,9,0.6000000000000001,7,0.47,191666.66666666666
202,64,4,9,6,65,4,13,0,0,0,0,0,0,65,17.7666666666667,1995-04-16,20132014,78,235,0,0,0,0,0,0,0,0,0,0,0,0,0,0,0,0,1,0,25,1,-18,-0.95,1:00,5.7,9,0.47,27,1.42,266666.6666666667
203,65,4,13,0,20,4,15,0,0,0,2,0,0,80,18.4166666666667,1994-08-22,20132014,74,206,0,0,0,0,0,0,0,0,0,0,0,0,0,0,0,0,0,0,10,0,-5,-0.25,0:18,1.7000000000000002,5,0.25,10,0.5,340250.0
204,64,7,15,-9,12,7,21,0,1,0,0,0,0,102,14.4166666666667,1994-08-08,20152016,71,190,4,5,25,15,27,15,8,4,21,15,6,1,0,1,0,0,0,0,5,0,3,0.2,0:11,1.3,8,0.52,5,0.33,58333.333333333336
205,17,0,3,1,8,0,3,0,0,0,0,0,0,10,8.28333333333333,1997-10-15,20192020,76,227,0,1,2,1,2,1,2,0,0,0,0,0,0,0,0,0,0,0,4,0,-2,-0.85,0:28,5.7,2,0.85,4,1.7000000000000002,69375.0
206,67,10,16,-2,10,7,20,3,6,0,0,0,2,109,14.4666666666667,1995-07-05,20162017,73,188,2,0,8,5,8,5,2,2,7,4,3,0,0,0,0,0,0,0,5,0,3,0.19,0:08,1.0,8,0.5,5,0.31,231250.0
207,70,18,40,-10,12,12,40,6,18,0,0,0,2,209,18.7833333333333,1993-08-13,20132014,69,165,0,0,3,1,3,1,1,0,3,2,1,0,0,0,0,0,0,0,6,0,5,0.23,0:10,0.9,11,0.5,6,0.27,562500.0
208,2,3,1,3,2,3,4,0,0,0,0,0,0,4,11.7833333333333,1998-07-20,20192020,75,192,1,3,8,12,10,12,5,5,8,4,4,1,0,1,0,0,0,0,1,0,-1,-2.55,1:00,8.5,0,0.0,1,2.55,65000.0
209,65,15,22,-9,18,12,30,3,7,0,0,0,2,96,15.9333333333333,1987-09-01,20102011,68,175,0,1,4,7,5,9,1,2,10,4,6,1,2,0,0,0,0,0,9,0,11,0.64,0:16,1.7000000000000002,20,1.16,9,0.52,625000.0
210,42,8,9,-10,8,5,10,3,7,0,0,0,2,98,14.6166666666667,1996-05-10,20162017,76,220,2,0,13,4,20,8,5,1,20,13,7,7,4,0,0,0,0,0,4,0,9,0.88,0:11,1.3,13,1.27,4,0.39,395833.3333333333
211,59,8,16,-5,16,6,17,2,7,0,0,0,0,86,12.3,1994-02-12,20122013,73,194,19,15,55,57,64,67,21,15,61,24,37,9,10,0,0,0,0,0,8,0,-1,-0.08,0:16,2.2,7,0.58,8,0.66,61855.333333333336
212,1,0,0,-1,0,0,0,0,0,0,0,0,0,0,6.36666666666667,1988-09-24,20132014,73,196,0,0,0,0,0,0,0,0,0,0,0,0,0,0,0,0,0,0,0,0,1,9.42,0:00,0.0,1,9.42,0,0.0,58333.333333333336
213,47,4,11,-5,6,4,13,0,2,0,0,0,0,73,14.5166666666667,1997-09-10,20172018,72,180,0,2,5,3,5,3,3,1,2,2,0,0,0,0,0,0,0,0,3,0,11,0.97,0:07,0.9,14,1.23,3,0.26,112500.0
214,68,22,39,5,36,14,47,8,14,0,0,0,1,162,16.3,1990-12-01,20102011,70,173,6,4,15,9,16,9,6,1,8,4,4,1,0,0,0,0,0,0,18,0,-12,-0.65,0:31,3.3,6,0.32,18,0.97,350000.0
215,63,15,16,-10,55,14,28,0,2,1,1,0,1,128,15.4666666666667,1997-12-04,20172018,72,197,114,98,196,176,262,210,72,55,133,76,57,19,16,47,18,0,3,0,14,1,-8,-0.49,0:52,5.6,10,0.62,18,1.11,191666.66666666666
216,69,13,23,11,24,6,19,7,16,0,1,1,3,150,24.85,1997-01-13,20162017,73,201,0,0,0,0,0,0,0,0,0,0,0,0,0,0,0,0,0,0,12,0,3,0.11,0:20,1.4,15,0.53,12,0.42,395833.3333333333
217,69,16,49,22,41,12,42,4,23,0,0,0,1,260,25.7833333333333,1990-06-01,20112012,73,201,0,0,0,0,0,0,0,0,0,0,0,0,0,0,0,0,1,0,18,0,-2,-0.07,0:35,2.3,17,0.5700000000000001,19,0.64,979166.6666666666
218,66,10,32,9,18,9,35,1,7,0,0,0,2,87,14.5666666666667,1999-07-02,20182019,72,188,36,21,175,126,181,136,80,70,110,65,45,5,10,1,0,0,0,0,8,0,1,0.06,0:16,1.9,9,0.56,8,0.5,69375.0
219,71,32,34,18,44,24,47,8,19,0,0,1,5,307,17.9166666666667,1988-11-20,20082009,74,215,8,7,43,43,45,51,8,12,61,29,32,2,8,0,0,0,2,0,17,0,-2,-0.09,0:37,3.5,17,0.8,19,0.9,583333.3333333334
220,36,2,6,-26,6,1,3,1,5,0,0,1,1,51,19.2166666666667,1998-02-15,20182019,74,197,0,0,0,0,0,0,0,0,0,0,0,0,0,0,0,0,0,0,3,0,0,0.0,0:10,0.9,3,0.26,3,0.26,69375.0
221,66,24,37,-1,28,19,38,5,23,0,0,0,3,141,16.8,1997-03-11,20162017,70,175,4,3,24,20,25,24,6,10,26,15,11,0,4,1,0,0,0,0,13,0,11,0.6000000000000001,0:25,2.5,24,1.3,13,0.7,416666.6666666667
222,62,12,20,-1,18,9,19,3,13,0,0,0,2,112,22.5666666666667,1989-11-29,20102011,69,167,0,0,1,0,1,0,1,0,0,0,0,0,0,0,0,0,0,0,9,0,-2,-0.09,0:17,1.3,7,0.30000000000000004,9,0.39,750000.0
223,58,8,17,12,16,7,22,0,0,1,3,0,2,107,14.3166666666667,1988-08-23,20112012,71,185,5,5,9,8,15,13,5,3,10,5,5,0,0,6,5,0,0,0,8,0,-3,-0.22,0:16,1.9,5,0.36,8,0.58,225000.0
224,70,14,24,-21,22,5,21,9,17,0,0,0,2,153,17.15,1987-10-02,20062007,72,202,1,0,6,2,7,2,0,0,8,6,2,1,0,0,0,0,0,0,11,0,-5,-0.25,0:18,1.8,6,0.30000000000000004,11,0.55,425000.0
225,61,3,24,1,18,1,16,2,11,0,0,0,0,111,24.3833333333333,1983-07-16,20052006,73,192,0,0,0,0,0,0,0,0,0,0,0,0,0,0,0,0,0,0,9,0,-8,-0.32,0:17,1.2,1,0.04,9,0.36,220833.33333333334
226,69,19,14,-3,26,15,27,4,6,0,0,0,3,117,14.5,1992-05-02,20112012,75,198,0,0,10,5,11,6,3,2,12,8,4,1,1,0,0,0,0,0,13,0,-6,-0.36,0:22,2.6,7,0.42,13,0.78,75430.0
227,1,0,0,0,0,0,0,0,0,0,0,0,0,0,12.0666666666667,1998-05-25,20172018,73,193,0,0,0,0,0,0,0,0,0,0,0,0,0,0,0,0,0,0,0,0,0,0.0,0:00,0.0,0,0.0,0,0.0,66666.66666666667
228,59,9,20,0,20,7,21,2,8,0,0,0,2,117,21.9833333333333,1991-12-05,20102011,73,207,0,0,0,0,0,0,0,0,0,0,0,0,0,0,0,0,0,0,10,0,-8,-0.37,0:20,1.5,2,0.09,10,0.46,395833.3333333333
229,68,4,17,15,34,3,13,1,7,0,1,0,1,112,18.0666666666667,1994-01-05,20162017,69,174,0,0,0,0,0,0,0,0,0,0,0,0,0,0,0,0,0,0,17,0,-11,-0.54,0:30,2.8,6,0.29,17,0.83,333333.3333333333
230,4,0,0,-1,0,0,0,0,0,0,0,0,0,2,10.2666666666667,1999-09-12,20182019,71,188,0,0,8,5,8,5,4,4,5,4,1,0,0,0,0,0,0,0,0,0,0,0.0,0:00,0.0,0,0.0,0,0.0,58333.333333333336
231,65,4,12,5,14,4,16,0,0,0,0,0,1,114,18.2666666666667,1993-04-20,20152016,74,206,0,0,0,0,0,0,0,0,0,0,0,0,0,0,0,0,0,0,7,0,-4,-0.2,0:12,1.2,3,0.15,7,0.35,17745.0
232,66,25,39,28,11,17,51,8,13,0,0,0,4,141,18.9,1996-03-13,20162017,70,183,86,84,333,325,380,397,130,126,351,164,187,46,68,1,4,0,1,0,3,0,12,0.58,0:10,0.9,16,0.77,4,0.19,500000.0
233,68,24,37,9,54,18,41,6,20,0,0,1,5,183,16.7333333333333,2000-03-26,20182019,74,195,0,0,1,0,1,0,1,0,0,0,0,0,0,0,0,0,0,0,27,0,-7,-0.37,0:47,4.7,20,1.05,27,1.42,69375.0
234,68,7,13,7,72,7,20,0,0,0,0,0,0,97,18.45,1993-06-28,20152016,76,227,0,0,0,0,0,0,0,0,0,0,0,0,0,0,0,0,2,0,26,1,-13,-0.62,1:03,5.7,16,0.77,29,1.39,229166.66666666666
235,69,17,33,-2,22,14,35,3,15,0,0,3,6,245,19.15,1992-01-31,20102011,73,200,187,206,317,461,387,538,93,142,297,107,190,13,25,57,52,0,0,0,11,0,2,0.09,0:19,1.7000000000000002,13,0.59,11,0.5,750000.0
236,69,5,14,-6,14,5,18,0,0,0,1,0,3,89,21.0666666666667,1986-08-01,20072008,71,186,0,0,0,0,0,0,0,0,0,0,0,0,0,0,0,0,0,0,7,0,-1,-0.04,0:12,1.0,6,0.25,7,0.29,458333.3333333333
237,65,9,12,7,6,9,20,0,0,0,1,0,1,85,14.9833333333333,1995-07-04,20152016,74,200,67,58,227,189,251,196,116,86,120,68,52,2,1,22,6,0,0,0,3,0,7,0.43,0:05,0.6000000000000001,10,0.62,3,0.18,133333.33333333334
238,36,2,5,8,16,2,6,0,0,0,1,0,0,31,15.7833333333333,1986-11-09,20092010,74,198,0,0,0,0,0,0,0,0,0,0,0,0,0,0,0,0,0,0,8,0,-5,-0.53,0:26,2.8,3,0.32,8,0.85,145833.33333333334
239,28,1,7,17,10,0,6,0,1,1,1,0,0,35,21.05,1991-09-06,20132014,76,207,0,0,0,0,0,0,0,0,0,0,0,0,0,0,0,0,0,0,5,0,-3,-0.31,0:21,1.7000000000000002,2,0.2,5,0.51,341666.6666666667
240,62,14,9,5,12,14,21,0,2,0,0,0,1,95,10.6333333333333,1996-04-09,20172018,72,192,17,7,56,37,62,40,24,16,38,21,17,6,3,0,0,0,0,0,6,0,7,0.64,0:11,1.8,13,1.18,6,0.55,179166.66666666666
241,53,6,8,-9,65,6,12,0,0,0,2,0,1,50,11.6166666666667,1992-01-13,20122013,76,198,0,2,6,6,6,6,5,3,2,1,1,0,0,0,0,0,7,0,10,1,-5,-0.49,1:13,10.6,13,1.27,18,1.75,125000.0
242,70,15,27,4,16,11,32,3,9,1,1,1,3,151,18.0333333333333,1989-09-01,20112012,71,180,1,5,15,13,16,17,8,4,15,7,8,1,3,0,1,0,0,0,8,0,5,0.24,0:13,1.3,13,0.62,8,0.38,416666.6666666667
243,15,0,4,-2,0,0,3,0,1,0,0,0,0,10,13.9166666666667,1999-11-06,20182019,72,187,20,11,70,49,74,65,24,28,56,30,26,3,15,1,1,0,0,0,0,0,2,0.58,0:00,0.0,2,0.58,0,0.0,77083.33333333333
244,5,1,0,0,7,1,1,0,0,0,0,0,0,6,12.2333333333333,1991-09-30,20152016,78,232,0,0,0,0,0,0,0,0,0,0,0,0,0,0,0,0,1,0,1,0,-1,-0.98,1:24,11.4,1,0.98,2,1.96,58333.333333333336
245,71,29,44,2,45,19,53,10,20,0,0,2,6,170,21.8,1993-03-15,20112012,75,207,181,136,568,485,684,605,215,178,579,288,291,106,111,10,9,0,1,0,15,1,6,0.23,0:38,2.9,23,0.89,17,0.66,458333.3333333333
246,69,6,27,-2,46,4,23,2,9,0,1,0,0,128,22.8,1994-10-27,20132014,76,221,0,0,0,0,0,0,0,0,0,0,0,0,0,0,0,1,0,0,18,0,-12,-0.46,0:40,2.9,7,0.27,19,0.72,450000.0
247,66,13,31,-15,12,8,29,5,15,0,0,0,2,158,14.7,1992-07-08,20192020,69,163,0,1,0,1,2,1,1,0,1,1,0,2,0,0,0,0,0,0,6,0,6,0.37,0:10,1.2,12,0.74,6,0.37,83333.33333333333
248,69,25,27,3,18,24,40,1,12,0,0,1,6,187,14.8833333333333,1996-02-28,20162017,72,197,1,0,4,6,5,6,1,2,7,3,4,1,0,0,0,0,0,0,9,0,2,0.12,0:15,1.8,11,0.64,9,0.53,56034.333333333336
249,58,9,10,5,10,8,18,1,1,0,0,0,0,66,12.9333333333333,1996-08-05,20172018,72,197,1,0,3,1,4,2,0,1,4,3,1,0,0,1,1,0,0,0,5,0,2,0.16,0:10,1.3,7,0.56,5,0.4,26149.5
250,71,21,27,-23,40,18,34,3,14,0,0,0,1,129,19.3166666666667,1995-02-24,20162017,73,199,1,0,2,3,2,4,0,1,4,1,3,0,1,0,0,0,0,0,9,2,9,0.39,0:33,2.9,20,0.88,11,0.48,291666.6666666667
251,6,0,0,-2,17,0,0,0,0,0,0,0,0,2,10.1666666666667,1994-12-05,20182019,74,200,0,0,0,0,0,0,0,0,0,0,0,0,0,0,0,0,1,0,1,1,-1,-0.98,2:50,27.9,2,1.97,3,2.95,58333.333333333336
252,58,12,26,1,16,10,30,2,8,0,0,0,2,97,15.9333333333333,1997-03-07,20162017,75,200,67,67,282,258,304,277,127,96,224,110,114,20,18,2,1,0,0,0,8,0,2,0.13,0:16,1.7000000000000002,10,0.65,8,0.52,200000.0
253,41,2,4,4,12,2,6,0,0,0,0,0,0,44,14.7666666666667,1990-05-07,20122013,71,191,0,0,0,0,0,0,0,0,0,0,0,0,0,0,0,0,0,0,6,0,2,0.2,0:17,2.0,8,0.79,6,0.59,58333.333333333336
254,31,0,4,-9,16,0,3,0,1,0,0,0,0,38,14.85,1999-09-02,20182019,69,181,0,0,0,0,0,0,0,0,0,0,0,0,0,0,0,0,0,0,8,0,-2,-0.26,0:30,3.5,6,0.78,8,1.04,69375.0
255,44,1,15,-6,24,0,6,1,9,0,1,0,1,85,18.0166666666667,1993-07-13,20152016,73,199,0,0,0,0,0,0,0,0,0,0,0,0,0,0,0,0,0,0,12,0,-5,-0.38,0:32,3.0,7,0.53,12,0.91,125000.0
256,63,12,14,4,38,7,18,5,8,0,0,0,2,149,22.4333333333333,1998-03-31,20162017,74,210,0,0,0,0,0,0,0,0,0,0,0,0,0,0,0,0,0,0,18,0,-3,-0.13,0:36,2.7,15,0.64,18,0.76,275000.0
257,51,7,3,2,33,7,10,0,0,0,0,0,2,63,8.95,1994-03-09,20182019,74,190,1,0,3,1,3,1,0,1,2,2,0,0,0,0,0,0,1,0,4,2,1,0.13,0:38,7.2,8,1.05,7,0.92,75000.0
258,69,6,17,-2,34,6,21,0,1,0,1,0,0,95,13.2833333333333,1993-01-20,20162017,74,213,136,118,204,223,267,254,88,81,98,43,55,2,3,61,28,0,0,0,12,1,0,0.0,0:29,3.7,13,0.85,13,0.85,87500.0
259,46,5,3,-9,20,4,7,0,0,1,1,0,0,55,11.1666666666667,1996-01-15,20182019,74,193,2,3,7,4,8,5,6,0,2,0,2,0,0,1,1,0,0,0,4,1,7,0.82,0:26,3.9,12,1.4,5,0.58,75000.0
260,45,3,5,-9,47,3,7,0,0,0,1,0,0,51,13.7166666666667,1994-03-25,20172018,77,233,0,0,0,0,0,0,0,0,0,0,0,0,0,0,0,0,5,0,11,0,-9,-0.88,1:02,7.6,7,0.68,16,1.56,75000.0
261,70,48,47,21,40,28,57,20,38,0,0,1,10,279,18.9666666666667,1996-05-25,20142015,72,194,4,1,7,7,11,7,2,3,8,5,3,3,0,1,0,0,0,0,20,0,5,0.23,0:34,3.0,25,1.13,20,0.9,333333.3333333333
262,69,18,18,-4,41,12,27,6,9,0,0,0,6,150,13.0833333333333,1996-08-17,20152016,73,226,3,0,12,4,13,5,3,2,10,7,3,1,1,0,0,0,1,0,13,1,6,0.4,0:35,4.5,21,1.4,15,1.0,141666.66666666666
263,60,4,5,-13,8,3,5,0,2,1,2,0,0,86,13.6833333333333,1984-04-24,20062007,73,186,82,73,220,195,246,210,99,97,105,65,40,11,8,15,7,0,0,0,4,0,1,0.07,0:08,1.0,5,0.37,4,0.29,416666.6666666667
264,41,4,9,-3,6,4,11,0,2,0,0,0,1,50,16.2166666666667,2000-08-15,20192020,71,179,0,0,0,0,0,0,0,0,0,0,0,0,0,0,0,0,0,0,3,0,7,0.63,0:08,0.9,10,0.9,3,0.27,77083.33333333333
265,61,7,14,-26,10,3,12,4,9,0,0,1,2,123,15.8666666666667,2001-05-14,20192020,71,176,52,20,239,128,295,167,108,54,228,135,93,56,38,0,1,0,0,0,5,0,11,0.68,0:09,1.0,16,0.99,5,0.31,77083.33333333333
266,69,23,38,-5,74,18,42,5,19,0,0,2,4,188,18.3,1997-12-11,20162017,74,202,1,0,3,0,4,0,1,0,2,2,0,1,0,0,0,0,4,0,17,2,11,0.52,1:04,5.9,34,1.61,23,1.09,583333.3333333334
267,70,9,10,-11,28,8,15,1,2,0,2,0,2,64,13.15,1998-03-29,20182019,75,200,123,102,224,197,270,251,77,74,145,70,75,8,10,38,44,0,0,0,14,0,-3,-0.2,0:24,3.0,11,0.72,14,0.91,69375.0
268,71,25,35,2,52,16,33,9,27,0,0,4,9,166,18.3166666666667,1988-05-28,20072008,72,200,0,2,5,3,5,3,0,0,6,5,1,0,0,0,0,0,0,0,26,0,-10,-0.46,0:43,4.0,16,0.74,26,1.2,257291.66666666666
269,2,0,0,0,0,0,0,0,0,0,0,0,0,1,5.33333333333333,1995-07-01,20152016,76,214,0,0,0,0,0,0,0,0,0,0,0,0,0,0,0,0,0,0,0,0,1,5.63,0:00,0.0,1,5.63,0,0.0,62500.0
270,67,8,15,11,22,7,18,1,5,0,0,0,0,115,12.7666666666667,1998-03-14,20162017,71,187,63,26,154,74,170,85,55,40,71,52,19,14,9,2,2,0,0,0,11,0,13,0.91,0:19,2.6,24,1.6800000000000002,11,0.77,72843.75
271,71,5,16,-4,33,4,19,1,2,0,0,0,1,99,21.9666666666667,1997-06-26,20172018,71,197,0,0,0,0,0,0,0,0,0,0,0,0,0,0,0,0,1,0,14,0,-3,-0.12,0:27,2.1,12,0.46,15,0.58,125000.0
272,68,8,25,-1,32,7,26,0,5,1,2,0,2,154,23.3666666666667,1990-05-24,20112012,76,215,0,0,0,0,0,0,0,0,0,0,0,0,0,0,0,0,0,0,11,1,-2,-0.08,0:28,2.0,10,0.38,12,0.45,250000.0
273,69,29,30,-5,28,18,38,11,21,0,0,0,3,214,16.8333333333333,1989-11-24,20112012,72,182,1,0,4,6,8,7,0,2,12,7,5,4,1,0,0,0,0,0,14,0,-1,-0.05,0:24,2.4,13,0.67,14,0.72,333333.3333333333
274,44,12,14,2,6,9,18,3,8,0,0,1,2,148,17.85,1989-06-05,20112012,68,176,7,6,27,24,30,27,13,14,17,10,7,1,2,2,1,0,0,0,3,0,5,0.38,0:08,0.8,8,0.61,3,0.23,439583.3333333333
275,8,2,1,3,2,2,3,0,0,0,0,0,1,11,10.65,1998-06-10,20192020,72,195,0,0,0,0,0,0,0,0,0,0,0,0,0,0,0,0,0,0,1,0,2,1.41,0:15,2.4,3,2.11,1,0.7,69375.0
276,5,1,1,-2,4,1,2,0,0,0,0,0,0,6,11.1333333333333,1994-02-07,20172018,69,186,0,0,0,1,0,1,0,0,1,0,1,0,0,0,0,0,0,0,2,0,-1,-1.08,0:48,7.2,1,1.08,2,2.16,58333.333333333336
277,67,13,16,0,10,10,24,2,4,1,1,0,2,109,15.3166666666667,1986-03-19,20092010,73,199,134,148,213,284,297,363,62,76,240,101,139,28,38,56,41,0,0,0,5,0,2,0.12,0:08,1.0,7,0.41,5,0.29,354166.6666666667
278,3,0,0,1,0,0,0,0,0,0,0,0,0,4,17.6833333333333,1995-03-17,20172018,74,190,0,0,0,0,0,0,0,0,0,0,0,0,0,0,0,0,0,0,0,0,1,1.13,0:00,0.0,1,1.13,0,0.0,83333.33333333333
279,5,1,1,1,0,1,2,0,0,0,0,0,0,1,14.4833333333333,1992-11-24,20152016,73,196,0,0,0,0,0,0,0,0,0,0,0,0,0,0,0,0,0,0,0,0,0,0.0,0:00,0.0,0,0.0,0,0.0,13073.666666666666
280,10,3,7,-2,0,2,7,1,3,0,0,0,0,26,16.1833333333333,1991-12-13,20122013,72,225,0,0,0,0,0,0,0,0,0,0,0,0,0,0,0,0,0,0,0,0,2,0.74,0:00,0.0,2,0.74,0,0.0,458333.3333333333
281,3,0,1,0,0,0,0,0,1,0,0,0,0,4,12.3166666666667,1999-07-22,20192020,75,210,0,0,0,0,0,0,0,0,0,0,0,0,0,0,0,0,0,0,0,0,0,0.0,0:00,0.0,0,0.0,0,0.0,70208.33333333333
282,48,8,7,4,6,7,13,0,0,1,2,0,3,72,11.9333333333333,1996-05-31,20192020,77,214,23,16,45,33,64,41,20,15,31,21,10,0,0,19,8,0,0,0,3,0,4,0.42,0:07,1.1,7,0.73,3,0.31,104166.66666666667
283,44,8,9,1,25,7,14,1,3,0,0,0,0,76,14.85,1989-02-14,20082009,75,190,99,94,140,136,193,185,50,62,73,44,29,13,12,40,37,0,1,0,5,1,6,0.55,0:34,3.8,13,1.19,7,0.64,375000.0
284,19,1,1,5,29,1,2,0,0,0,0,0,0,20,15.4166666666667,1997-04-28,20182019,73,204,0,0,0,0,0,0,0,0,0,0,0,0,0,0,0,0,1,1,7,0,-7,-1.43,1:31,9.9,2,0.41,9,1.84,66666.66666666667
285,57,6,8,-12,28,4,11,0,0,2,3,0,1,70,12.4333333333333,1988-02-17,20082009,73,186,8,1,13,6,15,6,1,0,11,6,5,0,0,2,0,0,0,0,14,0,-6,-0.51,0:29,4.0,8,0.68,14,1.18,62500.0
286,57,5,16,-2,70,4,14,1,7,0,0,0,0,77,13.7166666666667,1985-05-16,20052006,75,206,1,0,4,3,6,4,2,0,7,3,4,2,1,0,0,1,2,0,20,1,-6,-0.46,1:13,9.0,18,1.38,24,1.84,62500.0
287,43,5,8,7,6,5,13,0,0,0,0,0,2,38,10.4833333333333,1993-03-01,20142015,74,195,39,31,146,116,152,120,60,34,108,53,55,6,4,0,0,0,0,0,3,0,4,0.53,0:08,1.3,7,0.93,3,0.4,333333.3333333333
288,59,15,19,0,69,15,34,0,0,0,0,0,1,99,15.6666666666667,1991-01-24,20112012,75,211,0,0,2,1,2,1,0,0,3,2,1,0,0,0,0,0,3,0,17,2,-12,-0.78,1:10,7.5,10,0.65,22,1.43,291666.6666666667
289,8,2,0,-2,2,0,0,2,2,0,0,0,0,5,6.26666666666667,1993-04-27,20142015,77,208,4,1,13,8,14,8,5,4,8,5,3,1,0,0,0,0,0,0,1,0,-1,-1.2,0:15,4.0,0,0.0,1,1.2,58333.333333333336
290,70,8,8,-11,8,7,15,0,0,1,1,0,2,90,13.6666666666667,1995-01-12,20172018,74,188,129,150,251,275,285,313,100,100,119,56,63,1,4,33,34,0,0,0,4,0,7,0.44,0:06,0.8,11,0.69,4,0.25,83333.33333333333
291,68,26,28,6,32,22,47,4,7,0,0,3,5,175,18.8666666666667,1991-10-15,20132014,76,212,207,221,462,474,573,615,183,168,409,183,226,49,96,62,45,0,0,0,15,0,0,0.0,0:28,2.5,15,0.7,15,0.7,433333.3333333333
292,38,5,5,-3,9,5,9,0,0,0,1,0,0,33,11.8333333333333,1995-02-02,20142015,72,193,88,99,131,152,176,185,45,55,74,43,31,1,1,44,32,0,1,0,2,0,3,0.4,0:14,2.0,6,0.8,3,0.4,14943.5
293,9,0,1,-6,6,0,1,0,0,0,0,0,0,7,10.2666666666667,1997-08-02,20192020,73,195,1,0,3,1,3,1,0,0,3,2,1,0,0,0,0,0,0,0,3,0,-2,-1.3,0:40,6.5,1,0.65,3,1.9500000000000002,22627.5
294,53,5,4,-2,17,4,7,0,0,1,2,0,0,40,9.56666666666667,1992-06-17,20132014,72,194,43,47,96,94,107,104,33,28,60,31,29,0,1,11,9,0,1,0,6,0,-2,-0.24,0:19,3.4,5,0.59,7,0.83,58333.333333333336
295,8,1,4,3,4,1,4,0,1,0,0,0,0,10,18.0666666666667,2001-03-02,20192020,71,178,0,0,0,0,0,0,0,0,0,0,0,0,0,0,0,0,0,0,2,0,-1,-0.42,0:30,2.8,1,0.42,2,0.83,77083.33333333333
296,70,10,18,-4,16,8,20,1,7,1,1,1,2,158,17.65,1990-06-18,20102011,71,196,268,257,479,440,628,569,167,118,387,193,194,42,43,107,86,0,0,0,8,0,7,0.34,0:13,1.3,15,0.73,8,0.39,166666.66666666666
297,58,16,14,2,28,10,22,3,4,3,4,0,2,155,17.2333333333333,1993-05-31,20142015,75,212,3,1,7,0,7,4,2,2,3,2,1,0,1,0,3,0,0,0,14,0,5,0.30000000000000004,0:28,2.8,19,1.1400000000000001,14,0.84,200000.0
298,69,16,23,3,48,13,31,2,6,1,2,1,1,151,17.0166666666667,1989-05-08,20092010,74,208,227,224,375,401,497,536,152,164,266,118,148,24,44,98,91,0,0,0,24,0,-4,-0.2,0:41,4.1,20,1.02,24,1.23,208333.33333333334
299,57,15,13,-4,26,11,20,4,8,0,0,0,1,127,16.2,1993-04-08,20142015,69,180,2,1,8,11,8,11,0,5,11,6,5,0,0,0,0,0,0,0,13,0,5,0.32,0:27,2.8,18,1.17,13,0.84,354166.6666666667
300,64,5,9,6,10,4,13,0,0,1,1,0,1,64,11.85,1989-05-09,20112012,74,188,117,95,237,221,267,245,72,88,140,78,62,6,1,24,23,0,0,0,5,0,-2,-0.16,0:09,1.3,3,0.24,5,0.4,57291.916666666664
301,22,1,0,-7,50,1,1,0,0,0,0,0,0,9,5.53333333333333,1986-03-30,20092010,71,213,0,1,5,7,5,7,2,3,6,3,3,0,0,0,0,0,4,0,5,2,-3,-1.48,2:16,41.1,8,3.95,11,5.43,58333.333333333336
302,65,6,16,-13,20,5,14,1,8,0,0,1,1,85,15.55,1998-02-03,20182019,71,189,109,90,327,333,365,369,127,130,278,129,149,24,30,14,6,0,0,0,9,0,2,0.12,0:18,2.0,11,0.65,9,0.53,69375.0
303,8,0,2,0,6,0,2,0,0,0,0,0,0,4,11.35,1991-06-08,20152016,71,190,0,0,0,0,0,0,0,0,0,0,0,0,0,0,0,0,0,0,3,0,-3,-1.98,0:45,6.6,0,0.0,3,1.98,58333.333333333336
304,58,3,15,19,22,3,18,0,0,0,0,0,0,73,18.6333333333333,1990-09-08,20162017,73,195,0,0,0,0,0,0,0,0,0,0,0,0,0,0,0,0,0,0,11,0,-7,-0.39,0:22,2.0,4,0.22,11,0.61,150000.0
305,62,11,27,-8,49,9,30,1,7,1,1,1,2,141,16.7333333333333,1993-07-11,20132014,70,183,104,128,345,370,398,434,141,132,327,153,174,36,46,17,18,0,1,0,17,1,0,0.0,0:47,4.7,19,1.1,19,1.1,291666.6666666667
306,60,3,18,-1,14,2,17,1,4,0,0,0,0,72,21.1166666666667,1991-03-20,20102011,72,207,0,0,0,0,0,0,0,0,0,0,0,0,0,0,0,0,0,0,7,0,-3,-0.14,0:14,1.1,4,0.19,7,0.33,541666.6666666666
307,69,5,12,10,32,5,17,0,0,0,0,0,0,86,15.35,1994-04-07,20162017,70,186,0,0,0,0,0,0,0,0,0,0,0,0,0,0,0,0,0,0,11,1,2,0.11,0:27,3.0,14,0.79,12,0.68,100000.0
308,12,0,2,1,4,0,2,0,0,0,0,0,0,7,9.98333333333333,1992-12-28,20132014,74,197,0,0,2,1,2,2,0,1,3,2,1,0,1,0,0,0,0,0,2,0,-1,-0.5,0:20,3.3,1,0.5,2,1.0,58333.333333333336
309,67,12,13,0,18,9,18,3,6,0,1,0,0,84,12.7833333333333,1995-09-05,20162017,72,178,154,134,319,328,374,379,123,121,221,97,124,10,20,45,31,0,0,0,9,0,5,0.35,0:16,2.1,14,0.98,9,0.63,79166.66666666667
310,60,20,21,-4,21,13,29,7,12,0,0,0,4,111,16.3333333333333,1992-01-16,20112012,71,192,6,1,26,10,29,12,8,3,23,15,8,3,2,0,0,0,1,0,8,0,6,0.37,0:21,2.1,15,0.92,9,0.55,400000.0
311,3,1,0,0,2,1,1,0,0,0,0,0,0,2,7.35,1995-08-18,20182019,74,215,1,0,1,0,1,0,0,0,0,0,0,0,0,0,0,0,0,0,1,0,-1,-2.72,0:40,9.1,0,0.0,1,2.72,58333.333333333336
312,43,3,1,-2,77,3,4,0,0,0,0,0,1,39,9.71666666666667,1995-02-14,20162017,75,223,5,2,13,4,15,4,2,0,10,8,2,1,0,1,0,1,5,0,11,2,-9,-1.29,1:47,18.4,10,1.44,19,2.73,62500.0
313,24,0,1,1,0,0,1,0,0,0,0,0,0,11,12.5333333333333,1990-05-18,20112012,70,184,0,0,0,0,0,0,0,0,0,0,0,0,0,0,0,0,0,0,0,0,5,1.0,0:00,0.0,5,1.0,0,0.0,60416.666666666664
314,49,1,5,0,35,1,6,0,0,0,0,0,0,61,19.8333333333333,1992-11-12,20112012,75,208,0,0,0,0,0,0,0,0,0,0,0,0,0,0,0,1,1,0,10,0,-9,-0.56,0:42,3.6,3,0.19,12,0.74,425000.0
315,17,0,1,-8,4,0,1,0,0,0,0,0,0,13,9.55,1998-10-13,20172018,73,190,15,18,38,38,47,41,21,12,22,11,11,2,0,7,3,0,0,0,2,0,-2,-0.74,0:14,2.5,0,0.0,2,0.74,69375.0
316,68,8,19,3,40,6,24,2,3,0,0,0,0,125,17.5,1988-09-10,20062007,76,220,276,269,447,526,585,699,189,247,303,120,183,21,54,117,119,0,0,0,20,0,-6,-0.30000000000000004,0:35,3.4,14,0.71,20,1.01,500000.0
317,66,7,11,-12,26,6,17,0,0,1,1,0,0,78,13.85,1992-04-07,20162017,71,175,2,0,14,3,17,3,8,1,9,7,2,0,0,3,0,0,0,0,8,1,6,0.39,0:23,2.9,15,0.98,9,0.59,125000.0
318,71,11,26,-6,20,6,30,1,2,4,5,1,2,102,17.1833333333333,1994-07-01,20142015,73,204,211,237,381,399,497,521,148,164,258,138,120,33,32,83,90,0,0,0,9,0,4,0.2,0:16,1.6,13,0.64,9,0.44,233333.33333333334
319,58,16,14,13,28,15,29,1,1,0,0,0,3,90,13.7333333333333,1994-11-09,20162017,76,207,1,1,8,1,8,1,5,0,2,2,0,0,0,0,0,0,0,0,14,0,-1,-0.08,0:28,3.5,13,0.98,14,1.05,125000.0
320,56,15,10,1,30,10,18,2,2,3,5,0,5,94,13.9166666666667,1990-04-20,20122013,75,206,189,187,238,252,336,358,97,101,120,50,70,14,21,84,85,0,2,0,10,0,-4,-0.31,0:32,3.9,8,0.62,12,0.92,104166.66666666667
321,49,2,13,5,14,2,14,0,1,0,0,0,0,57,18.7166666666667,1990-06-24,20092010,72,195,0,0,0,0,0,0,0,0,0,0,0,0,0,0,0,0,0,0,7,0,2,0.13,0:17,1.5,9,0.59,7,0.46,58333.333333333336
322,67,5,36,12,26,5,34,0,6,0,1,1,1,147,22.9833333333333,1996-02-07,20142015,76,215,0,0,0,0,0,0,0,0,0,0,0,0,0,0,0,0,0,0,13,0,-5,-0.19,0:23,1.7000000000000002,8,0.31,13,0.51,500000.0
323,66,9,21,-3,38,6,22,2,7,1,1,0,1,135,23.0166666666667,1991-07-17,20102011,74,200,0,0,0,0,0,0,0,0,0,0,0,0,0,0,0,0,0,0,18,0,-1,-0.04,0:34,2.5,17,0.67,18,0.71,666666.6666666666
324,42,19,22,-2,14,11,27,8,14,0,0,0,5,107,18.95,1996-10-29,20152016,76,215,0,3,24,35,31,44,9,14,49,22,27,7,9,0,0,0,0,0,7,0,5,0.38,0:20,1.8,12,0.9,7,0.53,1000000.0
325,17,5,1,6,20,5,6,0,0,0,0,0,0,17,9.61666666666667,1996-07-08,20182019,75,205,0,0,1,1,1,1,1,0,1,0,1,0,0,0,0,0,2,0,5,0,-2,-0.73,1:10,12.2,5,1.84,7,2.57,58333.333333333336
326,60,17,10,-21,36,14,22,3,5,0,0,1,7,182,16.9333333333333,1985-01-01,20052006,75,219,166,157,275,292,364,382,75,88,260,123,137,31,44,58,46,0,0,0,18,0,-11,-0.65,0:36,3.5,7,0.41,18,1.06,37355.5
327,65,13,14,26,14,11,25,1,1,1,1,0,3,113,14.0666666666667,1995-03-04,20132014,76,210,1,0,2,2,3,2,1,0,3,1,2,0,0,1,0,0,2,0,2,0,9,0.59,0:12,1.5,13,0.85,4,0.26,183333.33333333334
328,1,0,0,0,0,0,0,0,0,0,0,0,0,4,11.8,1998-08-27,20192020,71,174,0,0,0,0,0,0,0,0,0,0,0,0,0,0,0,0,0,0,0,0,1,5.08,0:00,0.0,1,5.08,0,0.0,77083.33333333333
329,69,4,23,5,36,3,21,1,5,0,1,1,2,105,22.1666666666667,1991-07-23,20112012,71,211,0,0,0,0,0,0,0,0,0,0,0,0,0,0,0,0,0,0,18,0,-7,-0.27,0:31,2.4,11,0.43,18,0.71,375000.0
330,45,5,7,-10,8,5,10,0,2,0,0,0,1,50,11.65,1994-07-19,20152016,73,206,14,7,53,44,53,47,22,21,36,17,19,0,1,0,2,0,0,0,4,0,0,0.0,0:10,1.5,4,0.46,4,0.46,58333.333333333336
331,65,15,27,-5,12,12,30,3,9,0,3,1,2,186,18.1666666666667,1993-05-05,20122013,72,196,0,1,3,10,3,10,1,4,7,2,5,0,0,0,0,0,0,0,6,0,5,0.25,0:11,1.0,11,0.56,6,0.30000000000000004,316666.6666666667
332,35,4,0,-11,8,3,3,1,1,0,0,0,0,41,10.95,1998-10-30,20192020,72,180,3,2,9,3,11,5,1,2,8,7,1,2,2,0,0,0,0,0,3,0,3,0.47,0:13,2.1,6,0.94,3,0.47,77083.33333333333
333,62,3,5,-12,71,2,6,0,0,1,2,0,0,45,11.1,1989-02-08,20112012,74,200,0,0,0,1,0,1,0,0,1,0,1,0,0,0,0,1,5,0,13,1,-3,-0.26,1:08,10.3,17,1.48,20,1.74,279166.6666666667
334,1,0,0,-1,0,0,0,0,0,0,0,0,0,0,12.5333333333333,1995-07-12,20162017,78,202,0,0,0,0,0,0,0,0,0,0,0,0,0,0,0,0,0,0,0,0,0,0.0,0:00,0.0,0,0.0,0,0.0,58333.333333333336
335,36,2,4,-1,6,2,6,0,0,0,0,0,0,35,9.81666666666667,1996-02-27,20172018,71,188,1,1,2,1,3,1,0,0,2,2,0,0,0,1,0,0,0,0,3,0,5,0.85,0:10,1.7000000000000002,8,1.36,3,0.51,58333.333333333336
336,26,3,7,1,16,3,10,0,0,0,0,0,0,26,11.1,1996-01-01,20182019,71,196,1,1,8,3,8,4,0,2,8,7,1,0,1,0,0,0,0,0,8,0,-2,-0.42,0:36,5.6,6,1.25,8,1.66,66666.66666666667
337,6,0,2,2,0,0,2,0,0,0,0,0,0,2,11.9,1995-05-03,20182019,75,207,9,11,20,25,23,26,7,10,12,7,5,0,0,3,1,0,0,0,0,0,1,0.84,0:00,0.0,1,0.84,0,0.0,58333.333333333336
338,18,1,4,-5,2,1,5,0,0,0,0,0,0,25,10.3666666666667,1997-05-05,20182019,74,196,2,0,2,0,3,0,0,0,1,1,0,1,0,0,0,0,0,0,1,0,1,0.32,0:06,1.1,2,0.64,1,0.32,58333.333333333336
339,49,5,10,-3,16,5,14,0,1,0,0,0,1,61,14.5833333333333,1991-05-24,20112012,72,196,145,123,260,256,330,311,85,84,204,100,104,10,7,60,48,0,0,0,8,0,6,0.5,0:19,2.2,14,1.18,8,0.67,166666.66666666666
340,49,1,7,-7,10,1,8,0,0,0,0,0,0,58,14.8666666666667,1991-07-24,20142015,75,188,0,0,0,0,0,0,0,0,0,0,0,0,0,0,0,0,0,0,5,0,-1,-0.08,0:12,1.4,4,0.33,5,0.41,75000.0
341,32,3,1,1,78,3,4,0,0,0,0,0,0,16,7.98333333333333,1994-02-18,20152016,77,235,0,1,0,1,0,1,0,0,0,0,0,0,0,0,0,0,6,0,9,3,-6,-1.41,2:26,30.5,12,2.82,18,4.23,83333.33333333333
342,42,6,7,-10,12,4,10,2,3,0,0,0,0,79,13.35,1989-08-10,20072008,71,200,15,11,46,40,57,45,12,16,48,30,18,11,5,0,0,0,0,0,6,0,0,0.0,0:17,2.1,6,0.64,6,0.64,70833.33333333333
343,16,2,0,0,2,2,2,0,0,0,0,0,1,15,8.43333333333333,1996-08-14,20182019,72,175,0,0,1,0,1,0,0,0,1,1,0,0,0,0,0,0,0,0,1,0,1,0.44,0:07,1.5,2,0.89,1,0.44,58333.333333333336
344,69,2,20,9,35,2,20,0,2,0,0,0,0,79,19.4,1996-05-08,20172018,75,177,0,0,0,0,0,0,0,0,0,0,0,0,0,0,0,0,1,0,15,0,-8,-0.36,0:30,2.6,8,0.36,16,0.72,335431.25
345,51,0,4,4,18,0,4,0,0,0,0,0,0,41,14.1833333333333,1994-04-06,20182019,74,201,0,0,0,0,0,0,0,0,0,0,0,0,0,0,0,0,0,0,9,0,-5,-0.41,0:21,2.5,4,0.33,9,0.75,112500.0
346,55,7,10,7,12,7,16,0,1,0,0,0,0,71,14.0333333333333,1984-03-01,20052006,72,211,3,1,2,7,7,8,1,3,7,3,4,0,0,5,1,0,0,0,6,0,4,0.31,0:13,1.6,10,0.78,6,0.47,291666.6666666667
347,70,5,19,-12,26,5,19,0,5,0,0,0,0,127,18.8333333333333,1994-11-13,20182019,71,196,0,0,0,0,0,0,0,0,0,0,0,0,0,0,0,0,0,0,13,0,-7,-0.32,0:22,2.0,6,0.27,13,0.59,166666.66666666666
348,67,18,17,17,16,17,34,1,1,0,0,0,3,104,16.5166666666667,1988-04-20,20092010,73,195,210,249,341,384,440,488,114,121,234,116,118,28,37,71,67,0,0,0,8,0,-5,-0.27,0:14,1.4,3,0.16,8,0.43,341666.6666666667
349,33,1,4,-9,12,0,4,1,1,0,0,0,0,51,15.9666666666667,1993-07-08,20152016,74,186,0,0,0,0,0,0,0,0,0,0,0,0,0,0,0,0,0,0,6,0,-4,-0.46,0:21,2.3,2,0.23,6,0.68,108333.33333333333
350,33,3,6,0,8,2,8,1,1,0,0,0,0,39,10.6833333333333,1993-01-08,20192020,72,179,0,1,3,3,3,3,0,0,5,3,2,0,0,0,0,0,0,0,4,0,5,0.85,0:14,2.3,9,1.53,4,0.68,72916.66666666667
351,70,33,51,8,40,25,61,8,23,0,0,1,2,275,21.3333333333333,1988-11-19,20072008,70,177,0,0,3,1,3,1,2,1,1,1,0,0,0,0,0,0,0,0,15,1,1,0.04,0:34,2.7,17,0.68,16,0.64,583333.3333333334
352,60,9,21,-12,20,8,24,1,6,0,0,1,1,87,17.15,1990-10-06,20102011,73,203,113,65,270,184,294,196,91,75,146,90,56,22,11,2,1,0,0,0,10,0,3,0.17,0:20,1.9,13,0.76,10,0.58,333333.3333333333
353,62,3,16,-2,18,3,18,0,1,0,0,0,0,70,17.2666666666667,1987-02-10,20102011,74,205,0,0,0,0,0,0,0,0,0,0,0,0,0,0,0,0,0,0,9,0,-6,-0.34,0:17,1.7000000000000002,3,0.17,9,0.5,150000.0
354,48,12,12,1,22,8,16,4,8,0,0,0,2,92,15.8333333333333,1991-03-23,20132014,72,193,112,101,242,298,323,381,87,118,286,124,162,48,71,33,12,0,0,0,11,0,-5,-0.39,0:27,2.9,6,0.47,11,0.87,145833.33333333334
355,48,16,20,-18,16,12,27,2,7,2,2,0,1,117,18.45,1993-11-12,20132014,74,215,125,146,268,324,357,433,106,114,299,126,173,62,76,27,33,0,0,0,8,0,2,0.14,0:20,1.8,10,0.68,8,0.54,395833.3333333333
356,69,16,18,-8,30,12,30,2,2,2,2,0,4,162,15.0166666666667,1994-03-14,20152016,71,197,1,2,26,10,28,12,7,4,26,20,6,1,1,1,1,0,0,0,15,0,8,0.46,0:26,2.9,23,1.33,15,0.87,208333.33333333334
357,69,3,20,5,12,2,13,1,7,0,3,1,2,98,23.4166666666667,1994-05-23,20152016,75,215,0,0,0,0,0,0,0,0,0,0,0,0,0,0,0,0,0,0,6,0,2,0.07,0:10,0.7,8,0.30000000000000004,6,0.22,400000.0
358,28,0,5,-4,12,0,5,0,0,0,0,0,0,23,15.9833333333333,1998-02-04,20182019,74,203,0,0,0,0,0,0,0,0,0,0,0,0,0,0,0,0,0,0,5,0,0,0.0,0:25,2.7,5,0.67,5,0.67,69375.0
359,69,8,40,-6,12,6,30,2,18,0,0,0,2,111,24.6333333333333,1985-01-21,20052006,73,205,0,0,0,0,0,0,0,0,0,0,0,0,0,0,0,0,0,0,6,0,-1,-0.04,0:10,0.7,5,0.18,6,0.21,666666.6666666666
360,50,5,6,-8,17,5,10,0,1,0,0,0,1,43,11.95,1996-08-26,20172018,72,185,91,79,167,146,200,170,54,36,110,55,55,9,5,24,19,0,1,0,6,0,-5,-0.5,0:20,2.8,2,0.2,7,0.7,58333.333333333336
361,66,10,22,-2,16,7,22,3,10,0,0,0,1,110,13.7,1987-09-22,20072008,73,202,57,60,149,187,160,197,53,57,130,50,80,10,10,1,0,0,0,0,8,0,-3,-0.2,0:14,1.8,5,0.33,8,0.53,83333.33333333333
362,59,6,5,1,20,5,9,0,0,1,2,0,3,76,13.65,1985-02-04,20052006,72,190,164,178,239,300,303,355,94,127,95,45,50,3,6,61,49,0,0,0,10,0,-3,-0.22,0:20,2.5,7,0.52,10,0.75,83333.33333333333
363,3,0,0,-1,2,0,0,0,0,0,0,0,0,2,7.16666666666667,1994-11-30,20142015,71,201,0,0,0,0,0,0,0,0,0,0,0,0,0,0,0,0,0,0,1,0,0,0.0,0:40,9.3,1,2.79,1,2.79,58333.333333333336
364,70,6,15,-42,24,4,15,1,5,1,1,0,0,63,16.6166666666667,1984-03-20,20052006,72,189,129,95,336,256,398,324,157,104,237,112,125,40,52,22,16,0,0,0,12,0,0,0.0,0:20,2.1,12,0.62,12,0.62,250000.0
365,68,36,42,5,34,24,50,11,27,1,1,3,9,227,22.1,1996-10-28,20152016,74,213,165,130,583,495,697,614,231,186,599,301,298,101,117,13,2,0,0,0,11,1,23,0.92,0:30,2.3,35,1.4,12,0.48,833333.3333333334
366,62,8,21,7,22,7,27,1,1,0,1,0,4,102,15.7166666666667,1997-01-29,20162017,75,208,181,137,344,311,428,367,159,144,174,88,86,2,5,82,51,0,0,0,11,0,5,0.31,0:21,2.3,16,0.99,11,0.68,127083.33333333333
367,70,8,13,7,6,6,19,0,0,2,2,0,3,85,13.5,1992-11-05,20132014,71,185,1,1,1,1,3,2,2,0,1,0,1,0,0,2,1,0,0,0,3,0,4,0.25,0:05,0.6000000000000001,7,0.44,3,0.19,58333.333333333336
368,53,6,17,12,40,6,22,0,0,0,1,0,1,99,21.6,1989-02-21,20102011,75,217,0,0,0,0,0,0,0,0,0,0,0,0,0,0,0,0,0,0,19,0,-6,-0.31,0:45,3.5,13,0.68,19,1.0,541666.6666666666
369,68,33,52,26,38,29,60,4,25,0,0,3,6,210,18.8666666666667,1993-06-17,20132014,71,183,0,0,1,0,1,0,1,0,0,0,0,0,0,0,0,0,0,0,19,0,0,0.0,0:33,3.0,19,0.89,19,0.89,750000.0
370,50,1,11,7,19,1,11,0,0,0,1,0,0,50,20.7,1989-06-13,20102011,73,215,0,0,0,0,0,0,0,0,0,0,0,0,0,0,0,0,1,0,7,0,2,0.12,0:22,1.8,10,0.58,8,0.46,455000.0
371,50,1,8,-10,37,1,8,0,0,0,1,0,0,64,20.6333333333333,1991-10-07,20142015,75,224,0,0,0,0,0,0,0,0,0,0,0,0,0,0,0,0,1,0,16,0,-6,-0.35,0:44,3.6,11,0.64,17,0.99,370833.3333333333
372,65,10,15,0,35,7,20,3,5,0,0,0,0,115,13.5166666666667,1993-07-20,20142015,71,183,8,6,33,30,38,35,9,13,37,21,16,5,5,0,0,0,1,0,10,1,3,0.2,0:32,4.0,15,1.02,12,0.82,83333.33333333333
373,71,13,33,12,25,11,29,1,16,1,1,2,4,219,22.2333333333333,1995-08-03,20152016,74,195,0,0,0,0,0,0,0,0,0,0,0,0,0,0,0,0,1,0,10,0,-4,-0.15,0:21,1.6,7,0.27,11,0.42,433333.3333333333
374,35,1,4,-10,10,1,5,0,0,0,0,0,0,54,19.15,1993-06-17,20172018,71,185,0,0,0,0,0,0,0,0,0,0,0,0,0,0,0,0,0,0,5,0,-4,-0.36,0:17,1.5,1,0.09,5,0.45,58333.333333333336
375,70,18,20,6,12,12,28,6,10,0,0,1,2,134,16.7,1996-02-02,20162017,72,195,116,121,348,403,426,523,114,152,446,196,250,71,106,7,14,0,0,0,6,0,-1,-0.05,0:10,1.0,5,0.26,6,0.31,287500.0
376,27,2,7,3,8,2,9,0,0,0,0,0,0,40,13.75,1988-06-04,20132014,73,200,0,0,0,0,0,0,0,0,0,0,0,0,0,0,0,0,0,0,4,0,-2,-0.32,0:17,2.2,2,0.32,4,0.65,64583.333333333336
377,55,0,9,0,14,0,8,0,0,0,1,0,0,45,16.7833333333333,1987-05-02,20072008,70,170,0,0,0,0,0,0,0,0,0,0,0,0,0,0,0,0,0,0,7,0,-2,-0.13,0:15,1.5,5,0.33,7,0.46,208333.33333333334
378,21,2,3,-3,10,2,5,0,0,0,0,0,1,12,8.2,1994-07-18,20152016,72,184,19,9,48,33,48,33,18,16,19,11,8,0,0,0,0,0,0,0,5,0,1,0.35,0:28,5.8,6,2.09,5,1.74,58333.333333333336
379,68,8,17,-21,66,3,16,5,9,0,0,0,1,119,14.9166666666667,1988-08-26,20082009,74,185,5,3,32,18,45,29,3,8,55,37,18,13,11,0,0,1,2,0,18,1,-9,-0.53,0:58,6.5,13,0.77,22,1.3,125000.0
380,54,20,22,-1,6,9,25,11,17,0,0,1,4,127,18.3833333333333,1995-07-18,20182019,71,182,1,0,1,1,1,1,0,0,1,0,1,0,0,0,0,0,0,0,3,0,2,0.12,0:06,0.6000000000000001,5,0.30000000000000004,3,0.18,237500.0
381,71,5,28,-2,48,5,28,0,5,0,0,0,1,170,23.45,1995-02-04,20142015,76,221,0,0,0,0,0,0,0,0,0,0,0,0,0,0,0,0,2,0,19,0,-12,-0.43,0:40,2.9,9,0.32,21,0.76,466666.6666666667
382,64,20,9,5,13,13,17,7,12,0,0,0,4,132,12.9833333333333,1997-06-07,20162017,75,200,0,0,0,0,0,0,0,0,0,0,0,0,0,0,0,0,1,0,4,0,7,0.51,0:12,1.6,12,0.87,5,0.36,183333.33333333334
383,4,0,0,-1,2,0,0,0,0,0,0,0,0,7,8.33333333333333,1996-10-31,20162017,75,208,0,0,0,0,0,0,0,0,0,0,0,0,0,0,0,0,0,0,1,0,0,0.0,0:30,6.0,1,1.8,1,1.8,72843.75
384,1,0,0,1,0,0,0,0,0,0,0,0,0,1,11.0666666666667,1996-02-20,20192020,73,210,0,0,0,0,0,0,0,0,0,0,0,0,0,0,0,0,0,0,0,0,0,0.0,0:00,0.0,0,0.0,0,0.0,58333.333333333336
385,11,1,2,3,0,1,2,0,1,0,0,0,0,13,19.1,1994-08-06,20172018,72,180,0,0,0,0,0,0,0,0,0,0,0,0,0,0,0,0,0,0,0,0,0,0.0,0:00,0.0,0,0.0,0,0.0,83333.33333333333
386,58,9,9,4,20,9,18,0,0,0,0,0,1,64,12.75,1992-01-11,20122013,73,196,0,0,3,3,3,3,2,1,3,1,2,0,0,0,0,0,0,0,10,0,-5,-0.41,0:20,2.7,5,0.41,10,0.81,62500.0
387,9,1,2,1,0,1,3,0,0,0,0,0,0,10,9.9,1995-06-01,20172018,71,170,0,0,3,0,3,0,3,0,0,0,0,0,0,0,0,0,0,0,0,0,0,0.0,0:00,0.0,0,0.0,0,0.0,66666.66666666667
388,4,1,0,2,4,1,1,0,0,0,0,0,0,5,11.9666666666667,1985-12-12,20052006,75,205,0,0,0,0,0,0,0,0,0,0,0,0,0,0,0,0,0,0,2,0,-2,-2.51,1:00,8.4,0,0.0,2,2.51,333333.3333333333
389,22,1,2,1,4,1,3,0,0,0,0,0,0,23,13.85,1998-03-17,20192020,75,197,0,0,0,0,0,0,0,0,0,0,0,0,0,0,0,0,0,0,2,0,-1,-0.2,0:10,1.3,1,0.2,2,0.39,77083.33333333333
390,68,38,28,10,26,26,44,8,17,4,5,0,5,206,19.4166666666667,1997-07-26,20162017,72,176,112,97,407,346,480,409,158,115,407,210,197,61,53,12,10,0,0,0,13,0,2,0.09,0:22,2.0,15,0.68,13,0.59,880833.3333333334
391,69,25,21,-11,8,12,27,12,18,1,1,0,4,155,17.2,1984-07-28,20052006,71,193,5,10,24,27,36,41,8,2,52,23,29,9,13,3,1,0,0,0,4,0,11,0.56,0:06,0.7,15,0.76,4,0.2,666666.6666666666
392,56,6,24,10,20,4,20,2,9,0,1,0,0,126,25.2833333333333,1994-10-03,20132014,76,213,0,0,0,0,0,0,0,0,0,0,0,0,0,0,0,0,0,0,10,0,-6,-0.25,0:21,1.4,4,0.17,10,0.42,450000.0
393,60,16,16,-6,6,15,26,1,6,0,0,0,2,101,13.9833333333333,1998-07-30,20172018,70,175,3,0,10,2,10,3,1,1,8,6,2,0,1,0,0,0,0,0,3,0,6,0.43,0:06,0.7,9,0.64,3,0.21,170833.33333333334
394,47,14,26,30,32,12,27,2,12,0,1,2,3,170,23.2833333333333,1993-06-17,20122013,78,229,0,0,0,0,0,0,0,0,0,0,0,0,0,0,0,0,0,0,16,0,-11,-0.6000000000000001,0:40,2.9,5,0.27,16,0.88,500000.0
395,28,3,2,-5,8,2,3,1,2,0,0,0,0,33,10.0666666666667,1998-07-28,20192020,72,185,3,1,13,6,13,6,5,2,8,5,3,0,0,0,0,0,0,0,4,0,-1,-0.21,0:17,2.8,3,0.64,4,0.85,65416.666666666664
396,69,12,7,-1,10,11,18,0,0,1,1,0,1,85,13.8,1994-01-05,20132014,74,213,25,15,24,19,43,30,8,7,18,10,8,0,0,19,11,0,0,0,5,0,1,0.06,0:08,1.1,6,0.38,5,0.32,166666.66666666666
397,58,1,11,-8,22,1,12,0,0,0,0,0,0,64,22.15,1991-10-29,20162017,74,199,0,0,0,0,0,0,0,0,0,0,0,0,0,0,0,0,0,0,11,0,-9,-0.42,0:22,1.7000000000000002,2,0.09,11,0.51,375000.0
398,65,11,13,-3,42,5,11,6,13,0,0,1,3,97,13.1166666666667,1990-10-01,20122013,76,208,0,0,3,0,4,0,0,0,4,4,0,1,0,0,0,0,0,0,10,2,-8,-0.56,0:38,4.9,4,0.28,12,0.84,179166.66666666666
399,55,7,17,-7,14,6,21,0,2,1,1,0,0,144,16.55,1995-11-08,20162017,72,190,3,1,18,5,23,6,6,1,18,14,4,1,1,4,0,0,0,0,7,0,13,0.86,0:15,1.5,20,1.32,7,0.46,216666.66666666666
400,61,7,11,-1,42,6,16,0,0,1,2,0,0,78,13.05,1993-08-13,20132014,72,204,121,130,262,274,305,316,103,107,160,81,79,2,3,41,39,1,0,0,11,1,-2,-0.15,0:41,5.3,11,0.83,13,0.98,99569.33333333333
401,70,13,14,2,24,12,26,0,0,1,1,0,1,140,15.4333333333333,1995-07-04,20162017,71,178,4,3,9,9,14,12,8,4,7,2,5,0,0,5,3,0,0,0,11,0,7,0.39,0:20,2.2,18,1.0,11,0.61,200000.0
402,70,10,20,-5,49,7,21,1,6,2,3,1,5,110,14.0666666666667,1991-12-15,20152016,69,173,29,27,65,63,79,93,25,30,61,25,36,9,18,5,12,0,3,0,17,0,-3,-0.18,0:42,5.0,17,1.04,20,1.22,341666.6666666667
403,17,2,3,0,10,2,5,0,0,0,0,0,0,30,17.6666666666667,1992-04-18,20152016,76,225,0,0,0,0,0,0,0,0,0,0,0,0,0,0,0,0,0,0,5,0,-4,-0.8,0:35,3.3,1,0.2,5,1.0,170833.33333333334
404,70,12,33,-22,34,7,27,5,17,0,1,1,1,225,25.4,1985-03-09,20032004,77,230,0,0,0,0,0,0,0,0,0,0,0,0,0,0,0,0,0,0,17,0,-9,-0.30000000000000004,0:29,1.9,8,0.27,17,0.5700000000000001,833333.3333333334
405,48,10,4,12,41,7,9,0,0,3,5,0,1,67,14.3,1991-02-27,20112012,71,195,170,159,241,299,320,368,102,144,113,48,65,2,3,77,66,0,3,0,13,0,-6,-0.52,0:51,6.0,10,0.87,16,1.4,333333.3333333333
406,70,18,27,-10,15,8,29,10,16,0,0,1,4,207,17.5,1997-12-18,20172018,67,165,1,1,11,6,13,7,1,1,16,11,5,2,1,0,0,0,1,0,5,0,11,0.54,0:12,1.2,17,0.83,6,0.29,425000.0
407,39,20,23,11,14,14,33,6,10,0,0,1,4,127,20.6333333333333,1994-10-06,20162017,71,180,1,4,19,20,24,22,8,1,32,15,17,4,2,1,0,0,0,0,7,0,5,0.37,0:21,1.7000000000000002,12,0.89,7,0.52,416666.6666666667
408,69,1,13,-2,104,1,13,0,0,0,1,0,0,58,19.45,1990-11-13,20112012,76,220,0,0,0,0,0,0,0,0,0,0,0,0,0,0,0,0,4,0,32,2,-21,-0.94,1:30,7.8,17,0.76,38,1.7000000000000002,250000.0
409,71,22,43,1,37,17,41,4,22,1,2,0,2,180,19.3166666666667,1986-08-31,20082009,77,225,91,86,280,277,327,325,98,93,284,138,146,34,35,13,13,0,1,0,16,0,4,0.17,0:31,2.7,21,0.92,17,0.74,541666.6666666666
410,41,1,2,-1,14,1,3,0,0,0,0,0,1,45,14.0166666666667,1988-09-23,20082009,71,200,0,0,0,0,0,0,0,0,0,0,0,0,0,0,0,0,0,0,6,0,2,0.21,0:20,2.4,8,0.84,6,0.63,58333.333333333336
411,69,9,13,2,17,7,18,0,0,2,4,0,0,85,13.4166666666667,1985-03-06,20142015,72,198,191,189,273,343,371,419,106,128,176,74,102,4,4,94,72,0,1,0,6,0,2,0.13,0:14,1.8,9,0.58,7,0.45,120833.33333333333
412,52,8,13,6,39,7,19,1,2,0,0,0,1,81,14.1,2000-02-25,20192020,72,164,2,0,6,2,7,3,3,1,4,2,2,0,1,1,0,1,3,0,7,0,-3,-0.25,0:45,5.3,8,0.65,11,0.9,77083.33333333333
413,28,1,4,-1,34,1,4,0,0,0,1,0,0,20,16.6166666666667,1992-02-20,20122013,78,205,0,0,0,0,0,0,0,0,0,0,0,0,0,0,0,0,2,0,7,1,-5,-0.64,1:12,7.3,5,0.64,10,1.29,58333.333333333336
414,49,0,3,-9,24,0,3,0,0,0,0,0,0,55,16.4166666666667,1988-04-04,20142015,70,199,0,0,0,0,0,0,0,0,0,0,0,0,0,0,0,0,0,0,12,0,-3,-0.22,0:29,3.0,9,0.67,12,0.89,72916.66666666667
415,22,1,5,-1,22,0,5,1,1,0,0,0,1,34,9.4,1984-05-01,20062007,75,215,12,8,40,27,44,27,13,11,27,19,8,3,0,1,0,0,0,0,6,1,-4,-1.16,1:00,10.6,3,0.87,7,2.03,333333.3333333333
416,34,4,4,-10,10,4,8,0,0,0,0,0,0,38,13.1166666666667,1995-03-10,20162017,70,192,4,4,8,7,11,8,3,4,4,4,0,2,0,1,1,0,0,0,5,0,2,0.27,0:17,2.2,7,0.94,5,0.67,83333.33333333333
417,71,25,33,3,44,15,37,10,21,0,0,0,4,138,18.4666666666667,1991-08-22,20092010,73,200,98,86,335,329,364,350,127,130,273,139,134,21,20,8,1,0,2,0,17,0,-7,-0.32,0:37,3.4,12,0.55,19,0.87,666666.6666666666
418,70,17,27,-6,28,15,29,2,15,0,0,0,2,184,16.3,1998-07-29,20162017,70,170,0,0,8,8,13,8,3,1,17,10,7,5,0,0,0,0,0,0,14,0,4,0.21,0:24,2.5,18,0.95,14,0.74,458333.3333333333
419,68,6,15,-7,49,4,13,1,7,1,1,0,1,134,21.5,1990-02-01,20092010,80,229,0,0,0,0,0,0,0,0,0,0,0,0,0,0,0,0,1,0,22,0,-11,-0.45,0:43,3.4,12,0.49,23,0.94,416666.6666666667
420,66,22,25,6,28,16,35,6,12,0,0,1,3,235,17.2833333333333,1990-12-27,20122013,69,180,11,9,69,51,78,58,25,20,71,42,29,8,7,1,0,0,0,0,14,0,4,0.21,0:25,2.5,18,0.95,14,0.74,416666.6666666667
421,21,0,4,0,24,0,4,0,0,0,0,0,0,33,10.5,1995-11-24,20172018,72,193,0,0,0,0,0,0,0,0,0,0,0,0,0,0,0,0,0,0,7,1,-5,-1.36,1:08,10.9,3,0.82,8,2.18,58333.333333333336
422,64,1,8,-10,28,1,8,0,0,0,1,0,1,89,22.0333333333333,1992-02-08,20132014,75,228,0,0,0,0,0,0,0,0,0,0,0,0,0,0,0,0,0,0,13,0,-8,-0.34,0:26,2.0,5,0.21,13,0.55,58333.5
423,40,7,2,-1,32,6,8,1,1,0,0,0,2,67,11.5333333333333,1993-02-12,20142015,73,205,1,2,10,6,11,7,3,1,11,7,4,1,1,0,0,0,0,0,11,1,-4,-0.52,0:48,6.9,8,1.04,12,1.56,77083.33333333333
424,50,12,13,13,39,9,21,0,0,3,4,0,1,89,14.0833333333333,1989-12-24,20102011,71,186,4,5,13,9,14,12,5,4,8,5,3,0,0,1,3,0,5,0,6,0,9,0.77,0:46,5.5,20,1.7000000000000002,11,0.94,156250.0
425,71,12,49,11,10,9,42,2,18,1,1,1,3,118,20.5666666666667,1991-02-07,20092010,73,216,258,335,473,637,676,880,169,220,574,249,325,103,139,100,104,0,0,0,5,0,6,0.25,0:08,0.7,11,0.45,5,0.21,500000.0
426,68,48,19,-12,30,35,49,13,18,0,0,1,3,311,20.6666666666667,1985-09-17,20052006,75,238,0,0,0,1,0,1,0,1,0,0,0,0,0,0,0,0,0,0,15,0,-2,-0.09,0:26,2.1,13,0.56,15,0.64,833333.3333333334
427,63,19,33,-2,40,13,40,6,12,0,0,0,0,129,17.85,1992-05-19,20132014,73,205,133,111,442,333,455,348,169,116,274,153,121,13,15,0,0,0,0,0,20,0,-2,-0.11,0:38,3.6,18,0.96,20,1.07,416666.6666666667
428,61,15,29,0,38,9,29,6,15,0,0,0,2,177,25.7333333333333,1987-04-24,20062007,72,201,0,0,0,0,0,0,0,0,0,0,0,0,0,0,0,0,0,0,19,0,-9,-0.34,0:37,2.4,10,0.38,19,0.73,604166.6666666666
429,66,19,28,-9,28,14,33,5,14,0,0,1,5,113,17.1333333333333,1984-10-29,20032004,76,195,143,126,409,397,504,495,157,152,421,204,217,84,88,11,10,0,0,0,9,1,2,0.11,0:25,2.5,12,0.64,10,0.53,92672.16666666667
430,39,1,7,-3,16,1,8,0,0,0,0,0,0,37,13.95,1993-03-10,20142015,74,206,0,0,0,0,0,0,0,0,0,0,0,0,0,0,0,0,0,0,7,0,-7,-0.77,0:24,2.9,0,0.0,7,0.77,133333.33333333334
431,10,0,1,-1,6,0,1,0,0,0,0,0,0,17,13.3333333333333,1995-03-31,20182019,72,194,0,0,1,2,1,3,1,1,2,0,2,0,0,0,1,0,0,0,3,0,-1,-0.45,0:36,4.5,2,0.9,3,1.35,0.9166666666666666
432,50,0,11,5,25,0,10,0,0,0,1,0,0,53,20.5,1988-06-09,20092010,73,195,0,0,0,0,0,0,0,0,0,0,0,0,0,0,0,0,1,0,10,0,-1,-0.06,0:30,2.4,10,0.59,11,0.64,262500.0
433,50,6,7,5,23,6,13,0,0,0,0,0,1,56,9.61666666666667,1995-03-06,20192020,73,195,70,60,100,107,119,117,28,28,50,21,29,1,2,18,8,0,1,0,9,0,-3,-0.37,0:27,4.8,7,0.87,10,1.25,58333.333333333336
434,64,6,4,-19,38,6,10,0,0,0,0,0,1,69,12.5333333333333,1994-08-13,20152016,76,212,13,9,29,32,32,34,10,12,22,9,13,1,0,2,2,0,2,0,14,0,-1,-0.07,0:35,4.7,15,1.12,16,1.2,108333.33333333333
435,58,5,14,2,27,5,18,0,0,0,1,0,0,117,21.25,1993-03-26,20132014,76,212,0,0,0,0,0,0,0,0,0,0,0,0,0,0,0,0,1,0,11,0,2,0.1,0:27,2.2,14,0.68,12,0.58,266666.6666666667
436,66,13,29,-4,24,8,31,5,11,0,0,0,1,136,16.8833333333333,1991-01-16,20092010,71,195,70,70,267,325,305,390,95,141,319,140,179,38,64,0,1,0,0,0,12,0,16,0.86,0:21,2.2,28,1.51,12,0.65,666666.6666666666
437,49,13,14,13,26,13,27,0,0,0,0,0,2,74,14.6,1994-05-30,20122013,73,190,45,68,120,140,125,146,49,43,66,31,35,2,1,3,5,0,0,0,13,0,-6,-0.5,0:31,3.6,7,0.59,13,1.09,191666.66666666666
438,10,0,2,2,2,0,0,0,2,0,0,0,0,13,13.6333333333333,1988-09-24,20102011,71,198,0,0,0,0,0,0,0,0,0,0,0,0,0,0,0,0,0,0,1,0,1,0.44,0:12,1.5,2,0.88,1,0.44,66666.66666666667
439,64,9,11,12,15,8,18,0,1,1,1,0,2,93,13.8,1993-05-26,20162017,75,202,2,0,4,0,5,0,0,0,3,3,0,0,0,1,0,0,1,0,5,0,4,0.27,0:14,1.7000000000000002,10,0.68,6,0.41,75000.0
440,65,9,19,-2,32,8,25,1,3,0,0,0,1,88,14.7666666666667,1994-08-11,20172018,70,185,63,56,198,175,216,191,87,77,124,66,58,14,14,4,2,0,0,0,16,0,-5,-0.31,0:29,3.3,11,0.69,16,1.0,300000.0
441,70,21,41,6,16,13,40,7,21,1,1,1,5,135,21.0333333333333,1987-08-24,20062007,75,225,215,257,468,577,631,776,181,234,520,235,285,92,118,71,81,0,0,0,8,0,14,0.5700000000000001,0:13,1.1,22,0.9,8,0.33,666666.6666666666
442,71,27,27,17,20,22,45,3,5,2,4,0,6,169,17.9166666666667,1991-04-01,20112012,73,182,3,0,3,2,9,3,3,1,5,3,2,0,0,6,1,0,0,0,10,0,-2,-0.09,0:16,1.6,8,0.38,10,0.47,291666.6666666667
443,69,13,29,-16,58,10,33,3,9,0,0,1,5,143,18.7333333333333,1985-05-10,20052006,75,228,204,241,410,441,504,530,132,135,322,168,154,33,46,61,43,0,2,0,24,0,-5,-0.23,0:50,4.5,21,0.98,26,1.21,500000.0
444,63,24,21,13,58,15,32,9,13,0,0,0,5,156,17.25,1991-04-30,20122013,75,217,14,11,65,48,70,53,14,14,70,42,28,5,5,0,0,1,2,0,14,1,0,0.0,0:55,5.3,18,0.99,18,0.99,833333.3333333334
445,51,0,8,3,32,0,7,0,0,0,1,0,0,54,15.1666666666667,1990-07-15,20142015,73,210,0,0,0,0,0,0,0,0,0,0,0,0,0,0,0,0,2,0,11,0,-8,-0.62,0:37,4.1,5,0.39,13,1.01,60416.666666666664
446,63,10,13,-5,10,9,20,1,3,0,0,0,1,102,13.1,1992-06-08,20152016,69,178,0,0,3,1,3,1,0,0,4,3,1,0,0,0,0,0,0,0,5,0,4,0.29,0:09,1.2,9,0.65,5,0.36,61250.0
447,30,11,7,4,4,8,14,3,4,0,0,0,0,72,17.6166666666667,1996-08-15,20172018,73,191,3,1,15,11,19,13,11,7,10,5,5,3,2,1,0,0,0,0,2,0,4,0.45,0:08,0.8,6,0.68,2,0.23,200000.0
448,11,1,0,-1,4,1,1,0,0,0,0,0,0,13,10.65,1996-03-23,20192020,71,180,0,0,0,0,0,0,0,0,0,0,0,0,0,0,0,0,0,0,2,0,-2,-1.02,0:21,3.4,0,0.0,2,1.02,77083.33333333333
449,58,20,25,11,22,18,34,2,11,0,0,1,6,103,15.2,1995-02-09,20142015,75,201,3,0,9,5,9,5,2,1,8,4,4,0,0,0,0,0,0,0,11,0,1,0.07,0:22,2.5,12,0.82,11,0.75,366666.6666666667
450,71,8,11,5,14,6,15,0,0,2,4,0,1,63,12.8166666666667,1989-05-10,20162017,73,208,37,25,26,30,56,47,11,12,18,8,10,0,1,30,16,0,0,0,7,0,2,0.13,0:11,1.5,9,0.59,7,0.46,83333.33333333333
451,51,1,10,-9,22,1,8,0,3,0,0,1,1,79,17.1333333333333,1992-10-29,20152016,73,199,0,0,0,0,0,0,0,0,0,0,0,0,0,0,0,0,0,0,11,0,-2,-0.14,0:25,2.5,9,0.62,11,0.76,322916.6666666667
452,68,22,17,1,20,18,29,4,10,0,0,0,5,158,14.15,1996-03-11,20182019,70,165,1,0,7,4,7,4,2,4,4,4,0,0,0,0,0,0,0,0,9,0,6,0.37,0:17,2.1,15,0.94,9,0.56,66666.66666666667
453,69,32,63,36,20,25,71,7,24,0,0,0,4,209,20.6,1991-10-30,20152016,71,170,0,0,1,1,1,1,1,1,0,0,0,0,0,0,0,0,0,0,10,0,10,0.42,0:17,1.4,20,0.84,10,0.42,1083333.3333333333
454,67,5,8,8,53,5,11,0,0,0,2,0,1,98,19.95,1992-10-14,20132014,77,220,0,0,0,0,0,0,0,0,0,0,0,0,0,0,0,0,1,0,18,1,-8,-0.36,0:47,4.0,12,0.54,20,0.9,100000.0
455,38,1,8,4,20,1,7,0,0,0,2,0,0,49,21.1333333333333,1994-08-16,20152016,75,205,0,0,0,0,0,0,0,0,0,0,0,0,0,0,0,0,0,0,10,0,-6,-0.45,0:31,2.5,4,0.30000000000000004,10,0.75,208333.33333333334
456,15,1,2,-2,0,1,3,0,0,0,0,0,1,23,12.1333333333333,1997-04-08,20182019,71,180,0,0,2,0,2,0,1,0,1,1,0,0,0,0,0,0,0,0,0,0,0,0.0,0:00,0.0,0,0.0,0,0.0,61250.0
457,69,22,37,21,30,18,46,4,13,0,0,1,4,185,19.8333333333333,1992-12-07,20112012,75,211,122,179,276,413,367,542,108,165,335,137,198,45,76,46,53,0,0,0,15,0,2,0.09,0:26,2.2,17,0.75,15,0.66,395833.3333333333
458,65,4,22,21,36,4,26,0,0,0,0,0,1,92,17.7,1989-02-21,20102011,73,225,0,0,0,0,0,0,0,0,0,0,0,0,0,0,0,0,0,0,18,0,-12,-0.63,0:33,3.1,6,0.31,18,0.94,234913.83333333334
459,57,6,7,6,28,5,12,0,0,1,1,0,0,98,14.4166666666667,1994-08-10,20172018,72,204,3,2,10,6,16,7,8,3,7,5,2,0,0,6,1,0,0,0,14,0,-7,-0.51,0:29,3.4,7,0.51,14,1.02,83333.33333333333
460,27,2,7,-9,4,2,7,0,2,0,0,0,0,32,19.95,1993-09-27,20132014,73,206,0,0,0,0,0,0,0,0,0,0,0,0,0,0,0,0,0,0,2,0,1,0.11,0:08,0.7,3,0.33,2,0.22,391666.6666666667
461,49,3,10,14,30,2,12,1,1,0,0,0,0,38,15.6,1995-02-08,20162017,74,204,0,0,0,0,0,0,0,0,0,0,0,0,0,0,0,0,2,0,10,0,-4,-0.31,0:36,3.9,8,0.63,12,0.94,125000.0
462,71,43,67,-7,18,27,66,16,44,0,0,2,10,218,22.6166666666667,1995-10-27,20142015,74,208,198,196,446,458,608,661,120,135,620,290,330,114,159,48,44,0,0,0,9,0,11,0.41,0:15,1.1,20,0.75,9,0.34,750000.0
463,49,7,8,-9,10,5,13,2,2,0,0,0,0,71,13.1,1988-01-05,20092010,70,188,2,3,6,12,6,13,0,5,9,4,5,0,1,0,0,0,0,0,5,0,1,0.09,0:12,1.6,6,0.56,5,0.47,333333.3333333333
464,57,29,37,14,22,19,47,10,19,0,0,0,6,176,18.4166666666667,1990-02-07,20082009,73,193,121,119,221,260,307,365,55,69,308,131,177,39,65,47,40,0,0,0,10,0,5,0.29,0:23,2.1,15,0.86,10,0.5700000000000001,791666.6666666666
465,4,0,0,-2,0,0,0,0,0,0,0,0,0,4,15.5,1990-02-23,20132014,74,205,0,0,0,0,0,0,0,0,0,0,0,0,0,0,0,0,0,0,0,0,1,0.97,0:00,0.0,1,0.97,0,0.0,58333.333333333336
466,1,0,0,0,0,0,0,0,0,0,0,0,0,0,6.98333333333333,1997-10-30,20172018,79,219,0,0,0,0,0,0,0,0,0,0,0,0,0,0,0,0,0,0,0,0,0,0.0,0:00,0.0,0,0.0,0,0.0,100000.0
467,9,1,1,-3,0,0,1,0,0,1,1,0,0,16,13.7666666666667,1992-02-04,20142015,72,205,20,10,30,31,39,33,9,15,18,10,8,3,1,6,1,0,0,0,0,0,1,0.48,0:00,0.0,1,0.48,0,0.0,58333.333333333336
468,13,1,1,3,8,1,2,0,0,0,0,0,0,18,12.2333333333333,1992-07-17,20122013,78,208,19,18,54,32,58,38,25,14,20,14,6,1,3,3,3,0,0,0,4,0,0,0.0,0:36,5.0,4,1.51,4,1.51,437500.0
469,3,0,0,2,0,0,0,0,0,0,0,0,0,9,17.9166666666667,1999-05-05,20192020,73,201,4,5,15,27,19,30,5,17,18,10,8,4,3,0,0,0,0,0,0,0,0,0.0,0:00,0.0,0,0.0,0,0.0,77083.33333333333
470,67,7,28,-16,36,2,20,5,14,0,1,2,2,141,25.8166666666667,1989-12-08,20082009,73,202,0,0,0,0,0,0,0,0,0,0,0,0,0,0,0,0,0,0,18,0,-9,-0.31,0:32,2.1,9,0.31,18,0.62,833333.3333333334
471,65,8,24,-12,14,3,20,3,8,2,4,0,1,97,16.2666666666667,1997-04-06,20152016,75,210,171,120,302,220,371,283,82,56,225,118,107,34,45,35,18,0,0,0,7,0,7,0.4,0:12,1.3,14,0.79,7,0.4,166666.66666666666
472,52,16,23,0,18,16,28,0,9,0,2,3,3,126,18.5333333333333,1989-03-28,20092010,73,200,75,59,219,175,248,195,110,75,124,63,61,3,6,26,14,0,0,0,4,1,9,0.56,0:20,1.9,14,0.87,5,0.31,750000.0
473,68,20,23,8,47,18,36,2,7,0,0,1,6,195,18.3,1990-07-03,20122013,75,235,17,13,90,77,109,90,11,9,149,81,68,19,13,0,0,0,3,0,11,1,-3,-0.14,0:41,3.8,12,0.58,15,0.72,487500.0
474,68,17,15,4,18,17,31,0,1,0,0,0,2,109,13.7,1996-04-04,20172018,70,184,9,4,31,12,31,12,7,4,19,15,4,0,0,0,0,0,0,0,9,0,13,0.84,0:15,1.9,22,1.42,9,0.58,200000.0
475,65,22,39,1,33,15,37,7,24,0,0,0,4,172,20.4666666666667,1993-04-12,20112012,72,184,68,68,173,185,199,205,62,75,131,69,62,1,4,25,16,0,1,0,14,0,-5,-0.23,0:30,2.5,10,0.45,15,0.68,500000.0
476,68,6,30,30,10,6,32,0,3,0,1,1,3,145,23.4,1994-05-01,20152016,75,207,0,0,0,0,0,0,0,0,0,0,0,0,0,0,0,0,0,0,5,0,7,0.26,0:08,0.6000000000000001,12,0.45,5,0.19,325000.0
477,61,4,14,7,27,4,16,0,0,0,2,0,0,104,21.8833333333333,1994-11-15,20152016,75,206,0,0,0,0,0,0,0,0,0,0,0,0,0,0,0,0,1,0,10,0,-4,-0.18,0:26,2.0,7,0.31,11,0.49,335416.6666666667
478,60,2,9,-9,12,2,11,0,0,0,0,0,0,58,16.15,1997-04-29,20162017,74,190,0,0,0,0,0,0,0,0,0,0,0,0,0,0,0,0,0,0,6,0,-3,-0.19,0:12,1.2,3,0.19,6,0.37,91666.66666666667
479,56,6,3,2,16,6,9,0,0,0,0,0,1,83,11.0166666666667,1997-04-15,20162017,74,214,3,2,8,3,8,3,3,1,2,2,0,0,0,0,0,0,0,0,8,0,5,0.49,0:17,2.6,13,1.26,8,0.78,72843.75
480,1,0,0,1,0,0,0,0,0,0,0,0,0,2,17.0166666666667,1999-10-07,20192020,71,168,0,0,0,0,0,0,0,0,0,0,0,0,0,0,0,0,0,0,0,0,0,0.0,0:00,0.0,0,0.0,0,0.0,77083.33333333333
481,67,3,8,-1,26,2,10,0,0,1,1,0,0,63,19.4666666666667,1987-01-13,20062007,73,227,0,0,0,0,0,0,0,0,0,0,0,0,0,0,0,0,0,0,13,0,-12,-0.55,0:23,2.0,1,0.05,13,0.6000000000000001,95833.33333333333
482,3,1,0,0,4,1,1,0,0,0,0,0,0,1,9.16666666666667,1994-04-16,20162017,70,203,3,3,7,13,7,13,3,7,4,1,3,0,0,0,0,0,0,0,2,0,-1,-2.18,1:20,14.5,1,2.18,2,4.36,58333.333333333336
483,51,4,7,5,20,4,10,0,1,0,0,0,1,57,16.0,1998-06-07,20172018,69,184,0,0,0,0,0,0,0,0,0,0,0,0,0,0,0,0,0,0,9,0,-3,-0.22,0:23,2.5,6,0.44,9,0.66,13728.0
484,69,9,17,40,45,9,24,0,0,0,2,0,0,134,18.95,1995-05-21,20182019,77,220,0,0,0,0,0,0,0,0,0,0,0,0,0,0,0,0,1,0,19,0,-13,-0.6000000000000001,0:39,3.4,7,0.32,20,0.92,208333.33333333334
485,63,21,27,-7,29,14,34,7,14,0,0,0,2,198,17.35,1994-08-13,20122013,73,205,0,0,2,1,2,1,0,0,3,2,1,0,0,0,0,0,1,0,12,0,-3,-0.16,0:27,2.7,10,0.55,13,0.71,500000.0
486,70,4,28,8,24,2,21,2,11,0,0,0,0,101,23.05,1985-07-30,20072008,71,185,0,0,0,0,0,0,0,0,0,0,0,0,0,0,0,0,0,0,12,0,-8,-0.30000000000000004,0:20,1.5,4,0.15,12,0.45,333333.3333333333
487,70,10,24,15,58,4,20,5,13,1,1,0,0,118,20.3666666666667,1998-06-25,20162017,75,216,0,0,0,0,0,0,0,0,0,0,0,0,0,0,0,0,2,0,19,1,-14,-0.59,0:49,4.1,8,0.34,22,0.93,200000.0
488,68,8,27,14,12,8,28,0,7,0,0,0,0,163,23.7666666666667,1999-07-18,20182019,73,190,0,0,0,0,0,0,0,0,0,0,0,0,0,0,0,0,0,0,6,0,6,0.22,0:10,0.7,12,0.45,6,0.22,69375.0
